Question,Answer
Did the movie '3 Idiots' receive any accolades?,Yes
Did '3 Idiots' receive the Best Film award?,Yes
Did the movie '3 Idiots' receive the Best Director award?,No
Did '3 Idiots' receive any awards?,Yes.
Did the movie '3 Idiots' win the Best Popular Film award?,Yes
Did '3 Idiots' win a total of 6 Filmfare Awards?,Yes
Did '3 Idiots' receive a total of 17 IIFA Awards?,Yes
Did '3 Idiots' win a total of 5 GIMA Awards?,Yes
Did '3 Idiots' receive any Apsara Awards?,Yes
Did the movie '3 Idiots' receive an award at a film festival in China?,Yes
Did '3 Idiots' receive numerous accolades from Indian film awards?,Yes.
Did '3 Idiots' receive the Best Film award at a film ceremony?,Yes.
Did '3 Idiots' receive multiple accolades at Indian film awards?,Yes
Did '3 Idiots' receive a significant number of accolades?,Yes.
Did '3 Idiots' receive the Best Popular Film award?,Yes
Did *3 Idiots* receive a total of 6 Filmfare Awards?,Yes
Did *3 Idiots* receive a total of 10 Star Screen Awards?,Yes.
Did *3 Idiots* receive a total of 17 IIFA Awards?,Yes
Did *3 Idiots* receive a total of 5 GIMA Awards?,Yes.
Did '3 Idiots' receive 2 Apsara Awards?,Yes.
Did '3 Idiots' receive 7 Bollywood Hungama Surfers Choice Movie Awards?,Yes.
