Question,Answer
Is the travel bag assumed to contain explosives located in the Chatrapati Shivaji Terminus railway station?,Yes.
Is the travel bag assumed to contain explosives hidden in the restroom of the police station opposite the Mumbai Police headquarters?,No.
Did the anonymous caller present the most challenging case in Rathod's career?,Yes.
Did Rathod know that there were no more bombs in the city before he ordered the killing of Ibrahim Khan?,Yes.
Does the man wish to keep his real name a secret due to his religion?,Yes.
