Question,Answer
Is *Badhaai Ho* considered a part of Indian cinema?,Yes
Is Nakul Kaushik's character involved in a storyline that includes a pregnancy?,Yes
Is Nakul Kaushik's character unable to get intimate with his girlfriend because of the storyline involving a character?,No.
Is the character associated with Nakul in the movie *Badhaai Ho*?,Yes.
Does society judge individuals for unexpected pregnancies?,Yes.
Did Durga defend the dutifulness of Priyamvada against ridicule?,Yes
Did renee have a positive relationship with nakul after their reconciliation?,Yes
Did Sangeeta's actions lead to Nakul defending his family during the engagement?,Yes.
Is Jeetu's elder sister-in-law and sister criticized for being selfish in their interactions with Priyamvada?,No.
Did Durga face ridicule due to late pregnancy?,No.
