Question,Answer
Did *Barfi!* receive numerous accolades?,Yes
Did *Barfi!* win the Best Film award at the Screen Awards?,Yes
Did *Barfi!* win the Best Actor award at the Screen Awards?,Yes.
Did *Barfi!* win an award for Best Female Debut?,Yes
Did *Barfi!* receive any accolades at the Zee Cine Awards?,Yes.
Did *Barfi!* win the Best Film award at the Zee Cine Awards?,Yes
Did *Barfi!* win the Best Actor award at the Zee Cine Awards?,Yes
Did *Barfi!* win the award for Best Female Debut at the Zee Cine Awards?,Yes
