Question,Answer
Is the movie *Bell Bottom* based on true events that happened after November 2019?,No
Did the film *Bell Bottom* highlight the unforgettable heroes of the era in its storyline?,Yes
Is the film *Bell Bottom* based on true events that occurred in Glasgow?,No
Is *Bell Bottom* based on true events that highlight unforgettable heroes of the era in Glasgow?,Yes.
Is the film *Bell Bottom* based on true events that occurred in London?,No
Is 'London' a significant location in the story of the unforgettable heroes of the era?,No
