Question,Answer
Is Lt. Col. Vikram Rana married to Lara Dutta's character in the movie?,No
Does Mihika need to reach Delhi for an important meeting related to her travel through Jhunjhunu District?,Yes
Is Lt. Col. Vikram Rana associated with the journey through Jhunjhunu District?,No
Is Delhi the destination where Manu Gupta and Mihika Banerjee travel together?,Yes.
Is Lt. Col. Vikram Rana married to Mihika Banerjee in the movie context involving Manu Gupta?,Yes.
Does Mihika Banerjee travel to Delhi with Vinay Pathak in *Chalo Dilli*?,No.
