Question,Answer
Did Mumtaz experience communal riots after moving to Mumbai?,Yes.
Did the police ignore Mumtaz when she attempted to talk to them in Mumbai?,Yes.
Does the story of *Mumbai* involve themes of disappointment?,Yes.
"Did communal riots result in the loss of Mumtaz's family, leaving her uncle as her only remaining family member?",Yes
Does the police play a role in the challenges faced by Mumtaz's uncle?,No.
Does the disappointment in *Chandni Bar* stem from Mumtaz's family tragedy?,Yes.
Did communal riots lead to the death of the bar girl (dancer)'s family?,Yes.
Does the police ignore the bar girl (dancer) in her attempts to seek help?,Yes.
Does the bar girl (dancer) experience disappointment due to her son's actions?,Yes.
Did the events in *Chandni Bar* lead to communal riots affecting Mumtaz's family?,Yes.
Does the police in *Chandni Bar* ignore Mumtaz when she attempts to talk to them?,Yes.
Does the story of *Chandni Bar* involve disappointment related to the character Mumtaz?,Yes.
Did communal riots have an impact on the character of Mumtaz in the context of being shy?,Yes.
Does the police ignore the shy character's attempts to communicate in *Chandni Bar*?,Yes.
Does the character Mumtaz experience disappointment in the movie *Chandni Bar*?,Yes
Did communal riots have a devastating impact on Mumtaz's life?,Yes
Did Mumtaz experience emotional distress that she needed to confide in others about?,Yes
Does Mumtaz experience disappointment after her son becomes a killer?,Yes
Did communal riots have a significant impact on Mumtaz's life in the context of a reality check?,Yes.
Does the reality check faced by Mumtaz lead to a sense of disappointment?,Yes
Did communal riots have an impact on Pottya Sawant's relationship with Mumtaz?,Yes.
Does Pottya Sawant attempt to seduce someone in the presence of the police?,No.
Did Pottya Sawant's actions lead to Mumtaz feeling disappointment?,Yes.
Did Mumtaz attempt to report her situation to the police?,Yes
Does the disappointment stem from Mumtaz's inability to follow through with the deed?,Yes.
Did the communal riots impact the influential people that Mumtaz interacted with?,No.
Do influential people have connections with the police in this context?,Yes
Did influential people help Mumtaz get Abhay released from prison despite the disappointment that followed?,Yes.
Did communal riots lead to the death of Mumtaz's family due to her need for money?,Yes.
Does the character's pursuit of money lead to disappointment in the story?,Yes.
Does Mumtaz feel comfortable with her uncle's demands in Chandni Bar?,No.
Is Mumtaz's situation at Chandni Bar a permanent arrangement?,No
Is the state of being shy a permanent condition for the character in the context of her temporary situation?,No.
Did Pottya Sawant pay Mumtaz for sex?,Yes
Did Pottya Sawant's actions lead to a violent outcome involving Mumtaz?,Yes
"Does Mumtaz have any romantic involvement with Pottya Sawant, who rises up the criminal ranks quickly?",Yes.
Does the police disregard the innocence of Pottya's son?,Yes.
Did the police take Abhay's pleas seriously in the case of the rape incident?,No
Does Abhay seek revenge after being released from prison?,Yes
Does the police consider Abhay's pleas of innocence because of his father's reputation as Pottya?,No
Does Abhay face challenges with the police because of his father's reputation?,Yes
Is following in footsteps related to the money brought by Payal?,No.
