Question,Answer
Does Inder Mohan impress Neelima Mehra more than Montu does?,Yes.
Is Inder Mohan Singh considered a better PT teacher than Neelu?,No
Is Inder Mohan a better PT teacher than Neelu?,No.
Is Inder Mohan Singh considered a better PT teacher than Singh?,No.
Does Montu feel that Inder Mohan is a better PT teacher than him?,Yes
Did Inder Mohan Singh have a chance to remain the PT teacher in the competition?,No
Is Inder Mohan a better PT teacher than the one who would stay if Montu's team won?,Yes.
Is Inder Mohan Singh a better PT teacher than Montu?,Yes.
Does Montu feel threatened by Inder Mohan's abilities as a PT teacher?,Yes.
