Question,Answer
Did Leo Burnett influence the character of Aniruddha Pathak in *Chhichhore*?,No.
Is 'National College of Technology' based on the real-life experiences of Piyush Gupta?,No.
Is the theme song of *Chhichhore* related to the life experiences of Piyush Gupta?,No.
Is the theme song of *Chhichhore* related to the experiences at the National College of Technology?,No.
Was the theme song of *Chhichhore* shot at a cost of ₹9 crores?,Yes.
Is the National College of Technology depicted in *Chhichhore* based on IIT Bombay?,Yes
Was the theme song of *Chhichhore* filmed at IIT Bombay?,No
