Question,Answer
Did Ismail Darbar compose the music for the film *Devdas*?,Yes
Did Ismail Darbar compose music for the movie *Devdas*?,Yes.
Did Ismail Darbar compose the music for the soundtrack sung by Jaspinder Narula in *Devdas*?,Yes.
Did Ismail Darbar compose music for the soundtrack sung by Kavita Krishnamurthy in *Devdas*?,Yes.
Did Ismail Darbar compose music for the movie *kk*?,No
Did Ismail Darbar compose the music for the movie featuring Shreya Ghoshal?,Yes.
Did Ismail Darbar compose the music for the film featuring Supriya Adhikari?,Yes.
Did Ismail Darbar compose music for the soundtrack of the movie featuring Udit Narayan?,Yes.
Did Ismail Darbar compose the music for the soundtrack sung by Vinod Rathod in *Devdas*?,Yes.
