Question,Answer
Does Bhuvan marry Paro in the movie Devdas despite her love for Devdas?,Yes.
Did Bhuvan Choudhry marry Paro despite her deep love for Devdas?,Yes.
Does Devdas's love for Paro remain strong despite the disapproval of her maternal lineage?,Yes.
"Did Bhuvan Choudhry marry Paro to fulfill his duties as the Lady of the Estate, despite Devdas's love for her?",Yes.
Does Chandramukhi play a significant role in the story of Devdas?,Yes.
Did Devdas have a past affair that affected his relationship with Paro?,Yes.
Did Devdas and Paro's love endure despite societal disapproval?,Yes
Does Bhuvan agree to marry Paro despite the disapproval of her family's background?,Yes.
Did Bhuvan Choudhry marry Paro despite her maternal lineage?,No.
Does Devdas have a significant connection to Kausalya in the context of familial disapproval?,No
Does Bhuvan Choudhry believe that marrying Paro is necessary for the estate despite his love for someone else?,Yes.
Is Chandramukhi introduced as a friend of Paro in the context of Kausalya's disapproval?,Yes.
Did Kausalya disapprove of Devdas's past affair with Paro?,Yes.
Did Devdas and Kausalya have a strong bond despite social disapproval?,No
Did Bhuvan agree to marry Sumitra in the movie *Devdas*?,No.
Did Bhuvan Choudhry marry Paro in the story involving Sumitra?,Yes.
Did Devdas have a close childhood friend named Sumitra?,Yes.
Did Bhuvan Choudhry have a genuine love for Sumitra in the context of the story?,No.
Is Chandramukhi a friend of Sumitra in the context of the story?,Yes.
Did Devdas have a past affair with Paro?,No
Did Devdas and Sumitra have a close relationship in their childhood?,Yes.
Does Bhuvan marry Paro after a false statement made by Narayan Mukherjee?,Yes.
Did Bhuvan Choudhry marry Paro in the story of Narayan Mukherjee?,Yes.
Did Devdas ever truly love Paro?,No
Did Bhuvan Choudhry have feelings for Narayan Mukherjee?,No.
Does Chandramukhi conceal her profession to avoid disputes with Narayan Mukherjee?,Yes.
Did Narayan Mukherjee play a role in revealing Devdas's past affair?,No.
Did Devdas and Paro have an unfulfilled promise to visit each other before their deaths?,Yes
Did Bhuvan marry Paro after Devdas claimed that their love was a lie?,Yes
Did Paro marry Bhuvan Choudhry despite her feelings for Devdas?,Yes.
Did Paro ever truly love Devdas?,No
Does Bhuvan Choudhry have a romantic relationship with Devdas?,No.
Does Chandramukhi's introduction in the story relate to the romantic relationship between Devdas and Paro?,No.
Did Devdas have a past affair that affected his relationship with Paro?,Yes
Did Devdas and Paro have a romantic relationship that was affected by social norms?,Yes
Is Paro disapproved by the family due to her maternal lineage in relation to kumud?,Yes
Did Paro face humiliation in connection with Devdas?,Yes
Is Devdas in love with Chandramukhi?,No
Did Kalibabu have a negative relationship with Chandramukhi in the movie 'Devdas'?,Yes.
Does Devdas's addiction to alcohol have any connection to Paro's feelings about Chandramukhi?,Yes.
Does Kalibabu have a negative relationship with Paro?,No
Does Paro express feelings of love towards Devdas despite the circumstances?,Yes.
Did Narayan Mukherjee have a role in the relationship between Paro and Devdas?,No.
Did Chandramukhi fall in love with Paro?,No
Does Chunnilal help Devdas forget about Paro?,No
Is Paro's love for Devdas evident despite her request for him to forget her?,Yes.
Does Paro's love for Devdas continue despite the disapproval of Kausalya?,Yes.
Is Narayan Mukherjee involved in Chandramukhi's feelings for Devdas?,No.
Does Chandramukhi love Devdas in the movie?,Yes.
Does Chunnilal play a role in helping Devdas with his struggles related to Chandramukhi?,Yes.
Does Paro blame Chandramukhi for Devdas's addiction to alcohol?,Yes.
Did Chunnilal play a role in Devdas's addiction to alcohol?,Yes.
Did Paro's maternal lineage play a role in Kausalya disowning Kalibabu?,Yes.
Does Chandramukhi fall in love with Kalibabu in the story?,No.
Does Chunnilal encourage Kalibabu to visit a brothel?,No
Did Kalibabu's actions lead to a romantic relationship between Devdas and Paro?,No
Did Kalibabu's actions contribute to Chunnilal's downfall?,No
Did Paro and Devdas promise to visit each other before their deaths?,Yes.
Did Narayan Mukherjee's actions impact the relationship between Paro and Devdas?,Yes.
Does Chandramukhi fall in love with Paro in *Devdas*?,No.
Did Chunnilal play a role in Paro's relationship with Devdas?,No
Did Paro have a romantic relationship with Devdas?,Yes
Did Chandramukhi have a negative impact on Devdas's relationship with Kausalya?,Yes.
