Question,Answer
Is 'sahi hai re (bonus track)' from the same movie as 'boss kaun tha'?,Yes.
Is 'suno na' a song from the movie 'Jo Boley Giabbaan'?,Yes.
Is 'tu aashiqui hai' a song from the movie 'Jo Boley Giabbaan'?,Yes.
Is 'Humein Tumse Pyaar Kitna' a song from the movie that features 'Jo Gaya Woh Gaya'?,Yes.
Is 'Tera Muskurana' also sung by KK in the movie?,No
Is 'jab kabhi chand na ho' a song from the movie where 'jo gaya woh gaya' is also featured?,Yes.
Is 'humein tumse pyaar kitna' a song sung by KK from the movie 'jo gaya woh gaya'?,Yes.
Is 'ruk ruk rukna na' a song sung by KK from the movie 'jo gaya woh gaya'?,No.
Is the theme song of 'Jo Boley Giabbaan' sung by KK?,No.
