Question,Answer
Is Dhritiman Chatterjee involved in the Intelligence Bureau in *Kahaani*?,Yes.
Did Dhritiman Chatterjee play a role in the Intelligence Bureau in the movie featuring Nawazuddin Siddiqui?,Yes.
Did Indraneil Sengupta have a role in the Intelligence Bureau in *Kahaani*?,No.
Did Indraneil Sengupta have any connection to Dhritiman Chatterjee in their roles as Intelligence Bureau officials?,No.
Did Nawazuddin Siddiqui play a role in the Intelligence Bureau in the movie *Kahaani*?,No.
Is Indraneil Sengupta portrayed as the husband of Vidya Balan's character in the movie?,Yes.
