Question,Answer
Did Clinton Cerejo compose the soundtrack for the film available on Apple iTunes India?,Yes.
Is the soundtrack of *Kahaani* composed by Vishal–Shekhar?,Yes.
Did Vishal Dadlani write lyrics for songs in the soundtrack of *Kahaani*?,Yes.
"Did Anvita Dutt write lyrics for the soundtrack of Kahaani, which was available on Apple iTunes India?",Yes.
Did Sandeep Srivastava write lyrics for songs in the soundtrack of *Kahaani*?,Yes
Did R. D. Burman compose any music that was used in the soundtrack of *Kahaani*?,Yes.
