Question,Answer
Is the family photograph a significant element in the story of Rahul Kapoor?,Yes
Is the family photograph a significant element in the plot of Arjun Kapoor's family story?,Yes
Is the family photograph related to Amarjeet's last wish in *Kapoor & Sons*?,Yes.
Is the family photograph a significant element in the plot of *Kapoor & Sons*?,Yes.
Did Tia Malik have a romantic involvement with Rahul Singh?,Yes
Did Amarjeet Singh's family face challenges on the day they wanted to take a family photo because of Harsh's accident?,Yes.
Did rahul have a sexual encounter that was revealed during a family photo session?,Yes.
Did the father lie about ending his affair with Anu in relation to Tia?,Yes.
Is there any indication that Tia has a romantic involvement in London?,Yes.
Did Tia have a sexual encounter with Rahul in the context of family interactions?,Yes.
