Question,Answer
Is the character Chunni involved in a deal with a conwoman in the movie *Makdee*?,Yes.
Is Kallu involved in a conflict with a conwoman in the movie?,Yes.
Does Chunni need to acquire hens to help her sister Munni?,Yes
Does Chunni need to acquire a hundred hens to help her sister?,Yes
Does Chunni have a connection to Makdee in the plot of the movie?,No.
Does the woman in this context also deceive others like the conwoman in *Makdee*?,Yes.
Did the children help Chunni defeat the woman?,Yes.
