Question,Answer
Is 'subha ho gayee mamu' part of the soundtrack for 'chann chann'?,Yes.
Is the song 'chann chann' part of the soundtrack for the movie LOC: Kargil?,No.
Is 'subha ho gayee mamu' a song from the soundtrack of 'chann chann'?,Yes.
Is 'loc: kargil' a soundtrack composed by Anu Malik for the movie 'chann chann'?,No.
Is 'subha ho gayee mamu' a song from the soundtrack of 'Munna Bhai M.B.B.S.' that features vocals by Vinod Rathod?,Yes.
Is 'loc: kargil' part of the soundtrack for 'Munna Bhai M.B.B.S.'?,No.
Is 'loc: kargil' part of the soundtrack for 'chann chann'?,No.
Is 'dekhle aankhon mein aankhien daal (remix)' a song from the soundtrack of 'LOC: Kargil'?,No.
Is 'loc: kargil' a song from the Munna Bhai M.B.B.S. soundtrack?,No.
