Question,Answer
Did Parvati have any involvement with Asthana College in *Munna Bhai M.B.B.S.*?,No.
Is Hariprasad the father of Dr. Rustom Pawri?,No.
Is Sarkeshwar 'Circuit' Sharma a member of the same gang as Dr. Rustom Pawri?,No.
Did Munna Bhai enroll in Asthana College with the help of Dr. Rustom Pawri?,Yes
Does Dr. Rustom Pawri support the idea of common-sense treatment in *Munna Bhai M.B.B.S.*?,No.
Is Munna Bhai related to Hariprasad?,Yes
Does Karan challenge Asthana's conventional opinions in the movie?,Yes
Do the hospital staff and patients appreciate Karan's behavior?,Yes.
Does Zaheer challenge Asthana's conventional opinions in the movie?,No.
Does Zaheer adopt a more empathetic and almost holistic regimen?,Yes.
Does Zaheer die in the movie involving Munna?,Yes.
Does stomach cancer play a significant role in challenging Asthana's conventional opinions?,Yes.
Does the character Munna have an empathetic and almost holistic approach to his treatment for stomach cancer?,Yes
Did the hospital staff and patients appreciate Munna's behavior during his treatment for stomach cancer?,Yes.
Did Zaheer's death have an impact on Munna's character development in relation to his stomach cancer?,Yes.
Did the hospital staff and patients appreciate Munna's actions after marrying Suman?,Yes
Did Zaheer's death lead Munna to give up on his ambitions with Suman?,Yes.
Does Circuit adopt an empathetic and almost holistic regimen in his life after befriending Munna?,Yes.
Do the hospital staff and patients appreciate Munna's behavior?,Yes
Did Munna's friend Zaheer die during a test related to the circuit?,No.
Did Asthana change his conventional opinions after being moved by Munna's actions?,Yes
Does Asthana adopt a more empathetic and holistic approach after his change of opinion about Munna?,Yes.
Did Zaheer's death have any impact on Asthana's opinion about Munna?,No.
Did munna's parents forgive him because of his behavior towards the hospital staff and patients?,Yes.
Did Munna's parents forgive him after hearing about Zaheer's death?,No.
Does Munna challenge Asthana's conventional opinions?,Yes
Did the hospital staff and patients appreciate Munna's actions in the context of Asthana's decisions?,Yes.
Does Munna give up during a test after the death of Zaheer?,Yes.
Did Zaheer's death have an impact on the patients and students in *Munna Bhai M.B.B.S.*?,Yes.
Does Asthana's change in opinion about Munna challenge his conventional opinions?,Yes
Does Asthana adopt a more empathetic and almost holistic regimen after being moved by Suman's speech?,Yes.
Did Zaheer's death influence Munna's decision to give up during the test?,Yes.
Did Munna give up during a test after the death of a friend?,Yes
Does Suman's relationship with Anand Banerjee have any impact on her life?,Yes.
