Question,Answer
Is Shah Rukh Khan known for having a flexible personality?,No.
Can Shah Rukh Khan play any kind of role?,No.
Can Shah Rukh Khan be associated with comedy in the context of a film?,No.
Can a common man be portrayed by Anil Kapoor in a movie?,Yes.
Can a stylish person be portrayed by Shah Rukh Khan in a film?,No.
Is Shah Rukh Khan known for having a mature personality?,No
Did Koirala work on a project that involved more than 100 locations?,No.
Did Koirala work on any projects before the release of Nayak?,Yes.
