Question,Answer
Did Sivaji Rao challenge the authority of the Maharashtra Legislative Assembly?,No
Is the politician in *Nayak: The Real Hero* involved in any way with Sivaji Rao's rise to power?,Yes.
Did the politician receive assistance in handling government issues from Sivaji?,Yes.
Does Balraj Chauhan have a positive relationship with Sivaji Rao in his role at QTV?,No.
Is Topi involved in recording events related to Sivaji's work at QTV?,Yes.
Does Bansal assist in the administrative duties of Maharashtra while Sivaji works for QTV?,Yes.
Did Sivaji face threats to his life and public image due to Chauhan's corruption?,Yes
Does the conflict between Sivaji and Chauhan involve a gun?,Yes.
Did Sivaji face continuous threats to his life and public image due to political rivalry?,Yes
Did Chauhan attempt to use a gun against Sivaji?,Yes.
Did Pandurang play a role in the continuous threats against Sivaji?,Yes.
Did Pandurang play a role in Chauhan's assassination attempts using a gun?,Yes.
Did the security guards play a role in the threats faced by Sivaji?,No.
Did Chauhan try to shoot someone with a gun after being confronted by security guards?,Yes.
Did Chauhan's corruption create obstacles for the romantic relationship between Manjari and Sivaji?,Yes.
Is Chauhan involved in a political rivalry that affects Manjari's relationship with Sivaji?,No.
Did Manjari's father disapprove of Sivaji's relationship with Manjari?,Yes.
Is the romantic relationship between Manjari and Sivaji celebrated in the movie?,Yes
Did Sivaji create the complaint box to address issues in society that affected Manjari?,Yes.
Did four bombs play a role in the romantic relationship between Manjari and Sivaji?,No.
Does the character Manjari have a direct connection to the gun that Sivaji uses?,No.
Did Manjari's relationship with Sivaji influence his journey to becoming a politician?,Yes.
Did Chauhan oppose the relationship between Manjari and her father due to corruption?,No.
Did Chauhan attempt to assassinate Sivaji due to the opposition from Manjari's father?,Yes.
Did Sivaji's lack of government employment cause concern for Manjari's father?,Yes
Did Manjari's father ultimately accept the relationship between Sivaji and Manjari?,Yes
Did manjari's father have concerns about the four bombs in the context of Sivaji's situation?,No.
Was there a plan to assassinate manjari's father?,No
Did Manjari's father oppose Sivaji's relationship because of Sivaji's employment status?,Yes.
Did manjari's father oppose Sivaji because he was not a politician?,No.
Did Bansal help Chauhan deal with the threats posed by political rivalry?,No.
Did Chauhan face any consequences due to the political rivalry involving Sivaji?,Yes
Did Manjari's father have concerns about Chauhan's threats to Sivaji's life?,Yes.
Did Manjari's father eventually accept the relationship between Chauhan and Manjari despite initial opposition?,Yes
Did Chauhan threaten Sivaji due to political rivalry that involved a complaint box?,No
Did the political rivalry lead to any significant incidents involving four bombs?,Yes.
Is the assassin involved in the continuous threats to Chauhan's public image?,No.
Does Chauhan have any connection to the gun used by Sivaji?,Yes.
Did Sivaji face opposition in his relationship with Manjari due to concerns for her safety?,Yes
Does Manjari's father come to appreciate Sivaji as a great man?,Yes
Is the romantic relationship between Sivaji and Manjari celebrated despite initial opposition?,Yes
