Question,Answer
Did Suhani's elder sister support Aditya Sehgal and Suhani's marriage?,No.
Did Aditya Sehgal have a role in Suhani Sehgal's car accident?,No.
Does Suhani end up in a hospital after the accident?,Yes
Did Yeshwant Rao cause the car accident that seriously injured Suhani?,Yes.
Did Aditya wait for Suhani to return home after the car accident caused by Yeshwant Rao?,Yes.
Did Yeshwant Rao's actions lead to Suhani being in critical condition at the hospital?,Yes
Did Aditya threaten someone because of the car accident that seriously injured Suhani?,Yes
Did Aditya threaten Yeshwant Rao regarding the hospital incident involving Suhani?,No
