Question,Answer
Is Vicky Kaushal the lead actor in a film directed by a director?,Yes.
Did Vicky Kaushal replace Irrfan Khan for the lead role in the film based on the life of Udham Singh?,Yes.
Was the Jallianwala Bagh massacre a significant event involving the governor of Punjab?,Yes.
Was Michael O'Dwyer involved in the significant event that Udham Singh was part of?,Yes.
Is the current generation of younger audiences aware of the significant events involving the governor of Punjab?,No
Did Kaushal face injuries while shooting for *Sardar Udham*?,Yes.
