Question,Answer
Did Chaman's paternal uncle take action after Aman Tripathi's public kiss was caught by his father?,Yes.
Does Shankar physically confront Kartik in the context of a disagreement?,Yes
Does kartik help shankar understand the supreme court's judgment on homosexuality?,No
Do Kartik and Shankar have unresolved issues related to their past lovers?,Yes.
Does the character Kartik play a significant role in the wedding ceremony involving the bride?,Yes.
Does Shankar physically harm Kartik as a result of his reevaluation of beliefs about homosexuality?,Yes.
Does Shankar learn about the Supreme Court's judgment on homosexuality as a result of reevaluating his beliefs?,Yes.
Do Shankar and his spouse argue about their past relationships due to the impact of the Supreme Court's judgement on homosexuality?,Yes.
Does the theme of homosexuality play a significant role in the wedding ceremony involving the bride?,No.
Does Kusum have any knowledge about the Supreme Court's judgment on homosexuality?,No
Does Kusum believe that material possessions are more important than her son's happiness?,No
Does Kusum steal jewelry from Sunaina in the context of family relationships?,No.
Did Aman confess his love for Kartik before Kartik stopped someone from attempting suicide?,No.
Did Aman express his feelings for Kartik while trying to convince Goggle to accept her family's support?,No
Does Shankar have a flaw that reflects his own nature?,Yes
Does Aman have a strong relationship with someone who stops someone from attempting suicide?,Yes.
Does Goggle need to be convinced to accept support from her family in relation to Aman?,Yes.
Does Shankar have a strong relationship with Aman?,No
Does Goggle support Aman in his decision to marry Kusum to protect Kartik?,Yes
Does Aman help Kartik discover the truth about Kusum's theft?,No
Do Aman and Kartik have a strong relationship despite Goggle's involvement in Kusum's theft?,Yes.
Does the police's arrival relate to Aman's decision to marry Kusum in order to protect Kartik?,No.
Did the police arrest Kartik for the stolen jewelry?,No
Do Aman and Kartik have a strong relationship despite the police intervention?,Yes
Did Sunaina give her jewelry to Kusum in the context of family importance?,No.
