Question,Answer
Is the theme from 'The Kashmir Files' an instrumental piece?,Yes
Is 'al jihad' a prominent theme in the soundtrack of 'The Kashmir Files'?,Yes
Is the soundtrack of 'The Kashmir Files' composed solely of instrumental themes?,Yes
Is 'azadi' a prominent theme in the soundtrack of 'The Kashmir Files'?,Yes
Is 'krishna's theme' the only instrumental theme from the soundtrack of 'The Kashmir Files'?,No
"Is 'raliv, galiv ya chaliv' featured in the soundtrack of 'The Kashmir Files'?",Yes.
