Question,Answer
Is 'Apocalypse' from Hitman: Blood Money related to the original score of Tumbbad?,No.
Is the original score of *Tumbbad* inspired by the music from *Ram Lakhan (1989)*?,Yes.
Does the original score of *Tumbbad* incorporate Bulgarian music called 'Descending'?,Yes.
Is the original score of *Tumbbad* related to the videos of street drummers and The Sinful Dwarf (1973)?,No.
Does the original score for Tumbbad include live recordings with cello and violin?,Yes.
Do opportunities come after secrets in the context of the movie?,No.
