Question,Answer
Is the soundtrack album related to the movie 'Bunty Aur Babli'?,Yes
Is the song 'Dhadak Dhadak' also part of the soundtrack for the movie 'Bunty Aur Babli'?,Yes
Is the song 'Chup Chup Ke' part of the soundtrack for the movie 'Bunty Aur Babli'?,Yes
Is 'Nach Baliye' part of the soundtrack for the movie 'Bunty Aur Babli'?,Yes
Is the song 'Bunty Aur Babli' part of the soundtrack for the movie 'Bunty Aur Babli'?,Yes
Is 'B N B (Lyrics by Blaaze)' part of the soundtrack for the movie 'Bunty Aur Babli'?,Yes
Is 'Kajra Re' a part of the soundtrack for the movie 'Bunty Aur Babli'?,Yes
Does the movie 'Bunty Aur Babli' have a soundtrack album?,Yes.
Is 'Dhadak Dhadak' part of the soundtrack for the movie 'Bunty Aur Babli'?,Yes
Does the soundtrack of 'Chup Chup Ke' relate to the movie 'Bunty Aur Babli'?,Yes.
Is 'Nach Baliye' a song from the soundtrack of 'Bunty Aur Babli'?,Yes.
Is 'Bunty Aur Babli' known for its situational rhythmic tracks rather than typical Yash Chopra genre music?,Yes
Is 'B N B (Lyrics by Blaaze)' part of the soundtrack for the movie 'Bunty Aur Babli'?,Yes.
Is 'Kajra Re' a part of the soundtrack for the movie 'Bunty Aur Babli'?,Yes
Is 'Kajra Re' a single from the soundtrack of 'Bunty Aur Babli'?,Yes.
Is 'Hungama' a source that discussed the soundtrack of 'Bunty Aur Babli'?,Yes.
