Question,Answer
Is Ransa a prince who despises the ideologies of his father and the aristocracy?,Yes.
Are Dilip and Anuja both in a vulnerable situation together?,Yes
Does Kiran have an interest in Dilip's life in *Gulaal*?,No
Is Dukey involved in a relationship with Kiran in the context of Dilip's story?,Yes.
Does Ransa have a disdain for his father's ideologies in relation to Dilip's character?,Yes
Did Dilip have a romantic relationship with Anuja?,No
Did Kiran seduce Dilip in their romantic relationship?,Yes
Did Dilip's relationship with Dukey have any impact on his romantic involvement with Kiran?,Yes.
Does Anuja have any influence over Ransa's situation?,No
Is Anuja involved in a complicated situation that affects her relationship with herself?,Yes
Does Anuja have a complicated relationship with Kiran in *Gulaal*?,Yes.
Does Anuja have any influence over Dukey in the context of their relationships?,No
Did Bhati's actions lead to Ransa's involvement in the story of Gulaal?,Yes
Does Bhati's quest to find Anuja lead to his demise?,Yes.
Is Kiran involved in a significant relationship with Bhati?,Yes
Is Dukey a character who is connected to Bhati's fate in *Gulaal*?,Yes
Is Ransa involved in a political competition against Dilip?,No
Is Dukey involved in a threatening situation with Dilip?,Yes.
Is Dilip involved in the situation where both characters are naked and imprisoned?,Yes
Is Dukey involved in a situation where Kiran tries to seduce him?,Yes.
Is Ransa involved in the university elections against his half-sister Kiran?,Yes.
Does Jadwal's gang have a negative impact on Dukey's relationship with Kiran?,Yes
Is the character Dilip involved in a romantic relationship with Kiran in the movie?,Yes
Did Kiran use Dilip to get to Dukey?,Yes.
Does Anuja have a connection with Ransa in relation to Kiran's involvement in the elections?,Yes.
Does Anuja have a positive relationship with Dukey?,No
Is Anuja trying to explain something important to Dilip regarding his relationship with Kiran?,Yes.
Did Anuja have any influence on Dukey's relationship with Kiran?,No
Is Ransa related to Kiran in any way?,Yes
Did Kiran's accidental pregnancy lead to the end of her relationship with Dukey?,No
Did Kiran's accidental pregnancy lead to the end of her relationship with Dilip?,Yes
Did Kiran use her relationship with Dilip to get closer to Dukey?,Yes
Is Ransa involved in a political rivalry with Madhuri's associate?,Yes
Did Madhuri play a significant role in revealing the relationship between Kiran and Dukey?,Yes.
Did Madhuri play a role in the relationship between Dilip and Kiran?,Yes
Did Madhuri play a role in revealing Kiran's relationship with Dukey?,Yes
Does Dukey Banna promise protection to Dilip from Jadwal's gang?,Yes.
Is Karan's victim related to Jadwal in any way?,Yes.
Does Anuja have a significant influence on Dukey Banna's decisions in the plot of Gulaal?,No
Does Anuja have a significant role in the events leading to Karan's victimization in the movie 'Gulaal'?,Yes
Does Kiran's accidental pregnancy have any impact on her relationship with Dukey Banna?,NO
"Does Kiran's situation indirectly affect her opponent, who is Karan's victim?",Yes.
Does Madhuri have a connection to Dukey Banna's relationship?,Yes
Does Madhuri have any connection to Karan's victim in the plot of Gulaal?,Yes.
Did Dilip have a romantic relationship that influenced the university elections involving Dukey Banna?,Yes.
Did Dilip play a role in the circumstances leading to Karan's victimization?,Yes
Does Anuja have any influence over Dukey Banna in the context of the story?,No.
Did Anuja have any influence over Karan's victim in the elections?,No
Does Bhati's quest to find Kiran lead to a confrontation with Dukey Banna?,No
Did Bhati's actions indirectly lead to the death of Karan's victim in the elections?,Yes.
Does Dilip have a supporter in the form of his girlfriend Anuja after being ragged by Jadwal?,Yes.
Is Dilip involved in a situation with Jadwal that affects his relationship with Anuja?,Yes.
Did Jadwal's actions lead to Kiran being involved in the situation with Dilip and Anuja?,Yes.
Does Anuja have any connection with Dilip's supporter?,Yes.
Is there a romantic relationship between Anuja and Dilip in the context of the movie Gulaal?,Yes
Does Anuja have any influence over Kiran in the context of their relationship?,No
Does Kiran's accidental pregnancy lead to a situation involving Dilip's supporter?,Yes
Does Kiran have a complicated relationship with Dilip?,Yes
Is Kiran involved in a complicated situation that affects her relationship with Dilip?,Yes
Does Madhuri play a role in the relationship between Dilip and his supporter?,Yes
Does Madhuri play a role in the relationship dynamics involving Dilip in the movie Gulaal?,Yes
Does Madhuri reveal information about Kiran's relationship in the movie Gulaal?,Yes
Is the opponent of Dilip involved in a power struggle with him?,Yes
Is the reason for the survival of Karan and Kiran related to their royal lineage?,Yes
Does Jadwal's actions have any connection to the separatist movement?,Yes
Does Anuja believe that Dilip should be concerned about his opponent's influence in the power struggle?,Yes
Does Anuja believe that Karan and Kiran have no interest in traditional married life?,Yes
Does Anuja have any connection to the separatist movement?,No
"Does Kiran's accidental pregnancy lead to a conflict with her opponent, Dilip?",Yes
Is Kiran's relationship with her opponents influenced by her pregnancy?,Yes
Does Kiran's accidental pregnancy have any connection to the separatist movement?,No
Does Madhuri play a significant role in the power struggle involving Dilip's opponent?,Yes
Did Madhuri reveal any secrets that could affect the opponents Karan and Kiran?,Yes.
Does Madhuri's involvement in Dukey's life relate to the separatist movement?,Yes.
Does Dilip have an opponent in the power struggle related to the Rajputana movement?,Yes.
Does Dilip have a romantic relationship that impacts the dynamics with his opponents?,Yes
Does Dilip become involved in the separatist movement through his relationship with Kiran?,Yes
Did Dilip's actions contribute to the power struggle against his opponent?,Yes
"Does Dilip play a significant role in the conflicts involving his opponents, Karan and Kiran?",Yes.
Does Dilip have any involvement in the separatist movement?,Yes
Does Anuja have any influence over her opponent Dilip in the power struggle?,No
Does Anuja have any influence over her opponent Karan and Kiran in the situation?,No
Does Anuja have any influence over the separatist movement?,No
"Does Anuja have any influence over her opponent, Dilip?",No
Does Anuja have any influence over her opponent Karan and Kiran?,No
Does Anuja have any influence over the separatist movement?,No
Did Bhati's actions lead to a conflict involving Dilip?,Yes
Did Bhati's actions lead to a conflict with Karan and Kiran?,Yes
Did Bhati's actions contribute to the rise of the separatist movement?,Yes
Does Bhati's quest to find Kiran ultimately lead to a confrontation with Dilip?,Yes.
Is Bhati involved in the conflict with Karan and Kiran's gang?,Yes.
Did Bhati's actions contribute to the separatist movement in any way?,Yes.
