Question,Answer
Does Rahul have feelings for Neha in *Life in a... Metro*?,Yes
Did Rahul's apartment play a role in the relationship between Ranjit and Neha?,Yes
Did Rahul help Neha recover after her suicide attempt?,Yes
Does Neha ultimately realize her feelings for Rahul in the movie?,Yes
Did Rahul and Neha reconcile their differences at a railway station?,Yes
Does Rahul silently love Neha?,Yes
Did Rahul's apartment play a role in the affair involving Ranjit?,Yes
Did Rahul take care of Neha after her attempt to recover from suicide?,Yes
Does Neha ultimately realize that she loves Rahul?,Yes
Did Rahul and Neha manage to patch things up in the movie?,Yes
Does Rahul have feelings for Neha in the context of their relationships?,Yes
Is Ranjit involved in the relationship dynamics surrounding Rahul's apartment?,Yes
Is Rahul involved in helping Neha after her attempt to recover from suicide?,Yes
Does Neha ultimately realize her feelings for Rahul?,Yes
Did Rahul and Neha patch things up in the railway station?,Yes
Does Rahul silently love Neha despite her relationship with Ranjit?,Yes.
Did Neha have an argument with Ranjit in Rahul's apartment?,Yes
Did Neha have an argument in Rahul's apartment?,Yes
Does Neha realize she loves Rahul while traveling with Ranjit?,Yes.
Did Neha have an argument in Rahul's apartment?,Yes.
Did Rahul have feelings for Neha?,Yes
Did Neha have an argument with Ranjit in Rahul's apartment?,Yes
Did Neha have an argument in Rahul's apartment?,Yes
Does Neha realize she loves Rahul in the context of her relationship with Ranjit?,Yes.
Did Neha have an argument in Rahul's apartment?,Yes.
Is Neha involved in a romantic relationship with Rahul?,No
Did Neha have an argument with Ranjit in Rahul's apartment?,Yes
Did Neha have an argument in Rahul's apartment?,Yes.
Did Neha have an argument in Rahul's apartment?,Yes.
Did Neha have an argument in Rahul's apartment?,Yes.
Does Monty have any connection with Rahul in the context of the story?,No.
Did Monty have a significant impact on Ranjit's relationship with Neha?,Yes.
Did Monty have any influence on the situation between Shruti and Rahul?,No.
Does Monty have any connection to Rahul in the story of *Life in a... Metro*?,No.
Did Monty have any impact on Rahul's relationship with Neha?,Yes
Is there a friendship between Monty and Rahul?,No
Is there a friendship between Monty and Ranjit?,No
Does Monty have a friendship with Rahul?,No
Does Monty have a friendship with Rahul?,No
Is there a friendship between Monty and Rahul?,No
Does Ranjit have a complicated relationship with Rahul due to misunderstandings involving Neha?,Yes.
Does Ranjit have any misunderstandings related to his relationship with Shruti?,Yes
Does Ranjit have any involvement in the situation concerning Rahul?,Yes.
Does Ranjit have feelings for Rahul?,No
Did Ranjit have a misunderstanding that involved Rahul?,Yes.
Does Monty have any connection to Rahul in the context of his wedding announcement?,Yes.
Did Monty have a significant impact on Ranjit's relationship with Neha?,Yes
Does Monty have a connection to Rahul through Shruti's misunderstanding?,Yes.
Does Monty have a connection to Rahul's love life in the movie?,Yes
Did Monty announce his wedding date in a way that affected Rahul's relationship with Neha?,Yes.
Does Monty have a significant impact on Rahul's relationship with Neha?,Yes
Did Monty have an impact on Ranjit's relationship with Neha?,Yes
Did Monty have an impact on the events that led to Neha's suicide attempt?,Yes
Does Monty have a significant impact on Rahul's relationship with Shruti?,Yes
Did Monty have a significant impact on the events leading to Rahul's situation?,Yes.
Does Monty have any connection to Rahul in the context of the events leading to Neha's situation?,Yes.
Did Monty have any involvement in the argument between Neha and Ranjit?,No
Did Monty chase Rahul to the railway station on the wedding horse?,No
Did Monty have any involvement in the events that led to Neha realizing her feelings for Rahul?,No
Did Monty play a significant role in the events that led to the situation involving Rahul?,Yes
Does Monty have a significant connection to Rahul in the story of 'Life in a... Metro'?,Yes.
Did Monty have a significant impact on Ranjit's situation in the movie?,Yes
Does Monty have any connection to Rahul's actions regarding Neha's recovery?,Yes.
Does Monty have a connection with Rahul in the story of 'Life in a... Metro'?,Yes
Does Monty have a connection with Rahul in the story of 'Life in a... Metro'?,No.
Does Rahul's involvement with Ranjit indirectly affect Monty's relationship with Shruti?,Yes
Did Rahul lend his apartment to people connected to Ranjit for their affairs involving Neha?,Yes
Did Neha have an argument that indirectly affected Monty's relationship with Shruti?,Yes.
Did Neha's actions lead to a significant misunderstanding involving Ranjit and Shruti?,Yes
Does Shruti develop feelings for Monty?,Yes
Does Shruti develop feelings for Neha in the movie 'Life in a... Metro'?,No
Does Shruti have feelings for Monty?,Yes
Does Shruti have strong feelings for Neha in the movie?,No
Does Shruti have feelings for Monty?,Yes
Did Shruti have feelings for Neha in *Life in a... Metro*?,No
Does Shruti have feelings for Monty in the movie 'Life in a... Metro'?,Yes
Does Shruti's feelings for Monty ultimately affect her relationship with Neha?,Yes
Does Shruti develop feelings for Monty in the movie?,Yes
Does Shruti have a significant emotional connection to Neha in the movie?,Yes
Does Shruti have feelings for Monty in the movie 'Life in a... Metro'?,Yes
Does Shruti have a significant emotional connection to Neha in the movie?,Yes.
Does Amol wish to meet Shivani and spend his last days with her in India?,Yes
Did Rahul lend his apartment to people connected to Akash?,No
Does Rahul have any connection to Akash through his lending of the apartment?,Yes
Did Amol wish to meet Shivani in India?,Yes
Did Neha have an argument that affected her relationship with Akash?,Yes
Did Neha have an argument that indirectly involved Akash?,Yes.
Does Shikha have any significant connection with Amol in the story?,Yes.
Did Shikha and Akash share a moment of physical closeness in their relationship?,Yes.
Did Shikha have a close encounter with Akash that made her realize her boundaries?,Yes
Does Shikha have a connection with Amol in the story of *Life in a... Metro*?,Yes.
Did Shikha search for Akash in the railway station?,Yes.
Did Shikha search for Akash at the railway station?,Yes
Does Neha's relationship with Ranjit influence her career success?,Yes
Is Neha involved in an affair with Ranjit?,Yes
Does Neha have a complicated relationship with Shruti due to Ranjit's actions?,Yes.
Does Neha have a romantic connection with Shikha?,No
Does Neha end up in a relationship with Ranjit?,Yes
Is Neha in a relationship with Ranjit in the movie 'Life in a... Metro'?,Yes
Did Neha have an affair with Ranjit in the movie?,Yes.
Did Neha's situation impact Shruti in any way?,Yes
Did Shikha ever find out about Neha's suicide attempt?,No
Is Neha involved in a relationship with Ranjit after he confesses his feelings?,Yes
Does Neha love herself in the context of her relationship with Ranjit?,No.
Does Neha ultimately have feelings for herself in the context of her relationships?,No
Does Neha have feelings for Shruti?,No
Does Neha have feelings for Shikha?,No
Does Neha ultimately end up with Ranjit in the movie?,Yes
Is Neha in a relationship with Ranjit in the movie 'Life in a... Metro'?,Yes
Did Neha have an affair with Ranjit?,Yes
Did Neha have a significant impact on Shruti's life in the movie?,Yes
Did Neha have an affair with Shikha's boyfriend?,Yes
Did Neha and Ranjit eventually end up together?,Yes
Did Ranjit help Neha rise up in the ranks at work?,Yes
Is Ranjit involved in a relationship with Neha in *Life in a... Metro*?,Yes
Did Ranjit misunderstand a situation involving Shruti in the context of his relationship?,Yes
Did Ranjit have an affair that involved Shikha?,Yes.
Did Ranjit and Neha's relationship play a significant role in their personal and professional lives?,Yes
Did Shruti misunderstand Neha's situation in Rahul's house?,Yes
Did Shruti have a misunderstanding about Neha's situation in Rahul's house?,Yes.
Does Shruti have a complicated relationship with herself in 'Life in a... Metro'?,Yes.
Did Shruti's actions have an impact on Shikha's awareness of Ranjit's affair?,Yes
Did Shruti have a misunderstanding that involved Neha in *Life in a... Metro*?,Yes.
Is Ranjit involved in a relationship with Neha?,Yes.
Did Ranjit have an affair with Neha?,Yes
Did Shruti discover Ranjit's affair with Neha?,Yes.
Did Ranjit have an affair that was ultimately hidden from Shikha?,Yes
Did Ranjit have an affair with Neha?,Yes
Did Ranjit move in with Neha after confessing his feelings?,Yes
Did Ranjit have a relationship with Neha?,Yes
Did Ranjit have a misunderstanding involving Shruti in the movie?,Yes.
Did Ranjit have an affair with Shikha?,No
Did Ranjit decide to move in with Neha after confessing?,Yes
Is Ranjit in a relationship that positively influences his career?,Yes.
Is Ranjit helping Neha in her career advancement?,Yes
Did Ranjit play a role in Neha's success in Mumbai?,Yes
Is Ranjit involved in helping Neha rise in her career?,Yes.
Is Ranjit in a relationship with Neha's father?,No
Did Ranjit help Neha in her rise at work despite the challenges faced in Mumbai?,Yes.
Is Ranjit in a relationship that has positively impacted his professional life?,Yes
"Is Ranjit involved in helping Neha achieve her goals at work, which may impact her relationship with her father?",Yes.
Does Ranjit have a connection to Mumbai through his relationship with Neha?,Yes
Is Ranjit involved in helping Neha with her career?,Yes
Did Ranjit help Neha improve her career prospects in relation to her father?,No
Did Ranjit play a significant role in Neha's success at work in Mumbai?,Yes
Did Shruti's actions lead to a misunderstanding involving Ranjit?,Yes
Does Shruti have a complicated relationship with her father?,Yes
Did Shruti's actions lead to a significant event in Mumbai?,Yes
Did Shruti's actions have any impact on Ranjit's relationships?,Yes
Does Shruti have a complicated relationship with her father?,Yes
Did Shruti have a significant emotional response related to Mumbai after the incident with Neha?,Yes.
Did Shruti have a misunderstanding involving Ranjit in *Life in a... Metro*?,No
Does Shruti have a complicated relationship with her father?,Yes
Does Shruti have a significant connection to Mumbai in the story?,Yes.
Did Shruti's actions have any impact on Ranjit's relationships?,Yes
Does Shruti have a complicated relationship with her father in the context of the film?,Yes.
Did Shruti have a significant emotional reaction to the situation in Mumbai?,Yes
Is Ranjit involved in an affair in the context of the movie?,Yes
Did Ranjit have an affair that affected his relationship with his father?,Yes
Did Ranjit have an affair that impacted his life in Mumbai?,Yes.
Did Ranjit have an affair that affected his relationships?,Yes
Is Ranjit involved in a relationship that affects his father?,Yes.
Did Ranjit have an affair that ultimately affected his relationship with Mumbai?,Yes
Is Ranjit involved in an affair in the movie 'Life in a... Metro'?,Yes.
Does Ranjit have a connection to the father in the context of the affair with Neha?,No.
Did Ranjit have an affair that ultimately influenced the events in Mumbai?,Yes.
Is Ranjit involved in an affair in the movie 'Life in a... Metro'?,Yes.
Is Ranjit involved in an affair that affects his relationship with his father?,Yes.
Did Ranjit have an affair that affected his relationship with Mumbai?,Yes.
Does Ranjit have a romantic interest in himself in the context of the movie?,No
Is Ranjit involved in the relationship that affects the dreams of the father?,Yes.
Did Ranjit ultimately decide to leave Mumbai after his relationship with Neha?,No
Is Ranjit involved in the story of Neha's recovery?,Yes
Does Ranjit have a relationship with Neha's father?,Yes
Did Ranjit make a decision that ultimately affected his life in Mumbai?,Yes.
Does Ranjit ultimately end up with Neha in the movie?,No
Does Ranjit have a relationship with the father of Rahul?,No
Does Ranjit ultimately leave Mumbai after his relationship with Neha?,No
Does Ranjit have a connection to the people who stay in Rahul's apartment?,Yes
Does Ranjit have a relationship with his father?,Yes
Did Ranjit decide to move to Mumbai after confessing his feelings to Neha?,Yes.
Did Amol leave Shivani to pursue his dreams in the US?,Yes
Did Amol and Shivani experience rekindled love after many years apart?,Yes
Did Shivani love Amol forty years ago?,Yes.
Did Amol experience rekindled love with Shivani in the movie?,Yes
Did Shivani have a romantic history with Amol?,Yes
Did Akash have a significant impact on Shivani's life?,Yes.
Did Shivani have a past romantic relationship with Amol?,Yes.
Did Ranjit have an affair that involved Shivani in any way?,No
Did Shikha's husband read a letter from Amol expressing his feelings for Shivani?,Yes
Did Shikha's husband read a letter from Amol expressing his feelings for Shivani?,Yes.
Did Shivani and Amol share a significant moment together before Shivani's death?,Yes
Did Shivani die in Amol's arms during their night together?,Yes
Does Shruti develop feelings for Monty despite initially finding him weird and old?,Yes
Did Shruti ultimately develop feelings for Monty?,Yes
Does Monty seek help from his mother for wedding shopping?,No
Did Shruti fall in love with Monty?,Yes
Does Shruti end up falling for Monty in the movie 'Life in a... Metro'?,Yes.
Does Monty have a romantic interest in Shruti?,Yes
Does Monty have feelings for Shruti in the context of their relationship?,Yes.
Is there a romantic connection between Monty and Shruti in the story?,Yes
Do Monty and Shruti have a romantic connection in the movie?,Yes
Does Monty have a close relationship with his mother?,Yes
Does Monty have a romantic connection with Shruti?,Yes
Did Shruti convey her feelings to Monty before the wedding?,Yes
Does Monty have a romantic interest in Shruti?,Yes
Does Monty have a romantic connection with Shruti in the movie?,Yes
Does Ranjit have a misunderstanding about Shruti's involvement with Shikha in the movie?,Yes.
Does Ranjit have a misunderstanding about Shruti's involvement in the situation with Shikha?,Yes
Does Ranjit have a misunderstanding that affects his relationship with his mother?,Yes.
Does Ranjit have a misunderstanding about Shruti's actions in the movie?,Yes
Does Ranjit have a misunderstanding about Shruti's actions in the context of the plot?,Yes
Does Ranjit have a misunderstanding about Shruti's actions in the movie?,Yes
Does Ranjit have feelings for Shruti in *Life in a... Metro*?,No
Does Shruti have feelings for Monty?,Yes
Is the relationship between Monty and Shruti based on love?,Yes
Does Monty have a wedding planned with his mother involved in the preparations?,Yes
Does Monty have feelings for Shruti in the movie?,Yes
Did Monty have feelings for Shruti in *Life in a... Metro*?,Yes.
Does Monty have feelings for Shruti in the movie?,Yes
Does Monty have a romantic relationship with Shruti in the movie?,Yes.
Did Shruti convey her feelings to Monty right before the wedding?,Yes
Do Monty and Shruti have a romantic connection in the context of their relationship?,Yes
Does Monty have a significant relationship with his mother in the context of the wedding?,Yes.
Did Shruti convey her feelings to Monty before the wedding?,Yes
Did Shruti convey her feelings to Monty before the wedding?,Yes
Did Monty have strong feelings for Shruti before the wedding?,Yes
Did Monty and Shruti have a significant relationship in the movie?,Yes
Does Shruti have a romantic interest in Monty?,Yes
Does Monty have a romantic interest in Shruti?,Yes
Does Monty seek assistance from his mother for wedding shopping?,Yes
Did Monty and Shruti end up together in the movie?,Yes
Did Shruti develop feelings for Monty in the movie?,Yes
Does Monty have romantic feelings for Shruti in the context of the movie?,Yes.
Does Monty have a romantic interest in Shruti in the movie?,Yes.
Does Monty have a romantic relationship with Shruti in the movie?,Yes.
Does Monty have a romantic connection with Shruti?,Yes
Does Monty seek help from his mother for wedding shopping?,No
Did Monty and Shruti eventually end up together in the story?,Yes.
Did Shruti convey her feelings to Monty before the wedding?,Yes
Does Monty ultimately find Shruti at the railway station?,Yes.
Did Monty find Shruti in a ladies compartment?,Yes
Is Akash a divorcee in the context of his relationship with Shikha?,Yes.
Is Akash a divorcee in the context of the story?,Yes
Is Shikha involved in a complicated relationship with Ranjit in the movie?,Yes
Is Ranjit involved in a complicated relationship with Shikha in the movie?,Yes
