Question,Answer
Does Sivaji's role as a television presenter influence his actions towards the Maharashtra Legislative Assembly?,Yes
Is the politician involved in the administrative duties of Maharashtra in the context of QTV?,Yes
Does the relationship between Manjari and the politician involve overcoming societal norms?,Yes.
Did manjari's father oppose the relationship due to Sivaji's lack of government employment?,Yes
Did Chauhan face continuous threats due to political rivalry with the politician?,Yes
Is there a conflict between Sivaji and Chauhan in the movie?,Yes
Did Sivaji face challenges due to Bansal's involvement in government issues?,Yes
Did Sivaji gain the support of the people in his fight against Chauhan's corruption?,Yes
Is Chauhan involved in the conflict against Sivaji in the movie?,Yes
Did Sivaji face conflicts due to Chauhan's corruption in relation to Manjari's father?,Yes.
Did Sivaji have a romantic relationship with Manjari despite initial opposition?,Yes
Did Sivaji create the complaint box to address issues related to corruption?,Yes.
Did Sivaji's efforts to combat corruption lead to the explosion of four bombs?,No
Was there a plan to assassinate Sivaji in the movie 'Nayak: The Real Hero'?,Yes
Did Sivaji take up a gun as part of his efforts to combat Chauhan's corruption?,Yes
Did Sivaji eventually become a politician in the movie?,Yes
Did Sivaji face threats to his life due to Chauhan's actions?,Yes
Did Bansal provide assistance to Sivaji in handling government issues?,Yes.
Did Sivaji gain popularity and support from the people as a result of his political rivalry?,Yes.
Did Chauhan's actions lead to attempts on Sivaji's life in the movie?,Yes
Did Manjari's father disapprove of Sivaji due to concerns for his daughter's safety?,Yes.
Did Manjari eventually accept Sivaji's romantic relationship despite initial opposition?,Yes.
Did Sivaji create the complaint box to address issues raised by the public?,Yes
Did the political rivalry lead to an event involving four bombs in the story of Sivaji?,Yes
Was there a plan to assassinate Sivaji in the context of political rivalry?,Yes.
Did Sivaji have a direct relationship with the gun?,Yes
Did Sivaji ultimately become a politician in the context of his rivalry?,Yes.
Did Pandurang play a role in the assassination attempts related to Chauhan?,Yes.
Did Pandurang's actions ultimately lead to Bansal's involvement in government issues?,Yes.
Did Pandurang's actions ultimately affect the support he received from the people?,Yes
Did Pandurang play a role in the political rivalry that led to Chauhan being exposed for a failed assassination attempt on Sivaji?,Yes.
Did Pandurang's actions lead to concerns for Manjari's father's safety?,Yes
Did Pandurang's actions lead to a romantic relationship that was eventually accepted and celebrated with Manjari?,Yes
Did Pandurang play a role in the creation of the complaint box?,No
Did Pandurang play a role in the events leading to the four bombs?,Yes
Did Pandurang have a role in the assassination attempts on Sivaji?,Yes.
Did Pandurang have a role in the events involving the gun in relation to Sivaji?,Yes.
Did Pandurang ultimately face consequences for his actions related to the politician?,Yes
Do the security guards have a connection to Chauhan's fate in the movie?,Yes
Do security guards play a role in the events leading to Bansal's situation?,Yes
Do the security guards play a role in the relationship between the people and their safety?,Yes.
Did the security guards play a role in Chauhan's demise?,Yes
Did the actions of the security guards lead to a situation affecting Manjari's father?,Yes
Do the security guards play a role in the romantic relationship between Sivaji and Manjari?,No
Do security guards play a role in the events surrounding the complaint box?,Yes.
Did the security guards play a role in the events involving the four bombs?,Yes.
Do the security guards play a role in the assassination plot against Sivaji?,Yes
Did the security guards use a gun to kill Chauhan?,Yes.
Do security guards play a significant role in the political events surrounding the politician?,Yes.
Did Chauhan oppose Sivaji's decisions regarding Manjari's marriage?,Yes
Did Bansal have concerns about Sivaji's influence on Manjari's marriage?,Yes
Did Sivaji gain popularity and support from the people?,Yes
Did Chauhan play a role in the political rivalry that affected Sivaji's life?,Yes
Did the disapproval of Sivaji's decision regarding Manjari's marriage stem from concerns for her safety?,Yes
Did Manjari's father eventually accept the relationship between Sivaji and Manjari?,Yes
Did Sivaji create the complaint box to address public concerns?,Yes
Did Sivaji's actions lead to the defusal of four bombs?,Yes
Did the assassin pose a threat to Sivaji in the context of Manjari's marriage?,Yes
Does Sivaji have a direct relationship with a gun in the context of his decisions?,Yes
Did Sivaji eventually become a politician?,Yes
Did Sivaji have to overcome opposition to be with Chauhan?,No
Did Sivaji help Bansal with handling government issues?,Yes
Did the people ultimately support Sivaji's romantic relationship with Manjari?,Yes
Was Chauhan involved in a political rivalry that affected Sivaji's life?,Yes
Did Manjari's father eventually accept the romantic relationship with Sivaji?,Yes
Is the romantic relationship between Sivaji and Manjari ultimately accepted and celebrated?,Yes
Did Sivaji create the complaint box to address public grievances?,Yes
Did Sivaji ultimately have a positive outcome in the context of the four bombs?,Yes
Was there a plan to assassinate Sivaji in the movie?,Yes
Does Sivaji have a direct relationship with the gun?,Yes
Did Sivaji become a politician in the end?,Yes
Is Manjari involved in a romantic relationship with Sivaji despite societal norms?,Yes
Is there a significant risk to Manjari due to the conflict involving Gun?,Yes.
Is the romantic relationship between Manjari and Sivaji affected by societal norms?,Yes
Does the romantic relationship between Manjari and Sivaji ultimately lead to conflict involving a gun?,Yes.
Does manjari's father oppose the relationship with Sivaji due to his lack of government employment?,Yes
Did Manjari's father oppose the relationship due to a lack of government employment?,Yes
Did manjari's father oppose the relationship due to Sivaji's lack of government employment?,Yes
Did Manjari's father oppose the use of the gun during the political rivalry?,Yes
Did Chauhan pose continuous threats to Sivaji's life and public image?,Yes
Did Chauhan attempt to harm Sivaji using a gun?,Yes
Did continuous threats to Chauhan's life impact the political rivalry with Sivaji?,Yes
Did Chauhan attempt to use a gun against Sivaji?,Yes
Is there a romantic connection between Manjari and Sivaji despite societal challenges?,Yes
Does Manjari believe that Sivaji is a great man?,Yes
Is there opposition to the relationship between Manjari's father and Sivaji due to Sivaji's lack of government employment?,Yes
Did Manjari's father eventually recognize Sivaji as a great man?,Yes
Is Chauhan facing continuous threats due to political rivalry involving Sivaji?,Yes
Does Chauhan believe that Sivaji is a great man?,Yes
Is there a romantic relationship between Manjari and Sivaji in the movie 'Nayak: The Real Hero'?,Yes.
Did Manjari's father eventually accept the romantic relationship between Sivaji and Manjari?,Yes
Is Chauhan responsible for the continuous threats to Sivaji's life and public image?,Yes
