Question,Answer
Did the soundtrack of *Saathiya* receive significant recognition in 2002?,Yes
Is the soundtrack of the movie enhanced by a superb digital sound mix?,Yes
Does the full scale wedding routines in the movie involve a digital sound mix?,Yes
Is AR Rahman's music composition considered a highlight in the soundtrack of Saathiya?,Yes
Is the title number from the movie 'Saathiya' considered a seductive ballad?,Yes
Is Ar Rahman's music composition featured in the percussive wedding song?,No
Is the percussive wedding song in *Saathiya* followed by seductive ballads?,Yes
Are seductive ballads considered a highlight of the music in Saathiya?,Yes
Are seductive ballads a highlight in the soundtrack of the movie Saathiya?,Yes
