Question,Answer
Is Raza Shirazi a wealthy and influential lawyer in the movie 'Veer-Zaara'?,Yes
Did Veer travel to Pakistan to find Raza Shirazi?,No
Does Zaara Hayaat Khan have an engagement arranged with Raza Shirazi in the movie Veer-Zaara?,Yes
Did Veer and Raza Shirazi have a direct relationship in the story of *Veer-Zaara*?,No.
Do Veer and Raza Shirazi have a direct relationship in the movie *Veer-Zaara*?,No
"Does Veer end up living his life with Raza Shirazi's fiancée, Zaara?",No
Did Zaara's mother oppose her marrying Saamiya Siddiqui due to political reasons?,No
Is Zaara Hayaat Khan a character who has a significant connection to the plot of *Veer-Zaara*?,Yes.
Did Zaara's love story have a significant impact on Saamiya Siddiqui's actions in the movie?,Yes
Is Zaara Hayaat Khan a character who falls in love with Veer in the movie 'Veer-Zaara'?,Yes
Did Saamiya Siddiqui play a role in helping Veer in his quest related to Zaara?,Yes.
Did shabbo play a significant role in convincing Veer to return to Pakistan for Zaara?,Yes
Did Saamiya Siddiqui play a role in the events involving Shabbo and Veer?,Yes
Did shabbo play a role in convincing Veer to return to Pakistan to be with Zaara Hayaat Khan?,Yes
Is Saamiya Siddiqui involved in the defense of prisoner 786 in the movie Veer-Zaara?,Yes
Does Saamiya believe that Zaara is married and does not want to ruin her reputation?,Yes
Is Saamiya Siddiqui involved in the defense of prisoner 786 in the movie Veer-Zaara?,Yes.
Is Zaara Hayaat Khan connected to Saamiya's request regarding her reputation in the story of Veer-Zaara?,Yes.
Is Saamiya Siddiqui involved in the case of Veer in the movie 'Veer-Zaara'?,Yes.
Is Zaara Hayaat Khan shocked to learn about Veer being alive in the movie?,Yes
Is Saamiya Siddiqui involved in Zaara's journey to learn about Veer?,Yes
Is Zaara Hayaat Khan shocked to learn about Veer in the movie 'Veer-Zaara'?,Yes
Does Zaara Hayaat Khan have a significant connection to the story of Veer-Zaara?,Yes
Is Veer Pratap Singh an Indian Air Force pilot in the movie 'Veer-Zaara'?,Yes
Does Zaara Hayaat Khan ultimately reunite with Veer in the story of *Veer-Zaara*?,Yes
Did Zaara Hayaat Khan fall in love with Veer in the movie 'Veer-Zaara'?,Yes
Does shabbo play a significant role in the relationship between Zaara Hayaat Khan and Veer?,Yes.
Did shabbo play a role in Veer Pratap Singh's decision to return to Pakistan?,Yes.
Did Shabbo play a significant role in bringing Veer and Zaara together?,Yes
Did Shabbo play a significant role in bringing Zaara and Veer together in their love story?,Yes.
Does Saamiya believe Zaara is married and wants to protect her reputation?,Yes.
Is Veer Pratap Singh a character who plays a significant role in Saamiya's story?,Yes
Did Saamiya believe that Zaara was married and wanted to protect her reputation?,Yes
Does Saamiya believe that Zaara is married and does not want to ruin her reputation?,Yes
Is Zaara Hayaat Khan a character who experiences significant emotions related to Veer in the movie 'Veer-Zaara'?,Yes
Is Veer Pratap Singh an Indian Air Force pilot in the movie 'Veer-Zaara'?,Yes.
Is Zaara Hayaat Khan shocked to learn that Veer is alive?,Yes
Is Zaara Hayaat Khan a significant character in the movie 'Veer-Zaara'?,Yes
Did Zaara's father arrange her marriage to Raza despite her love for Veer?,Yes
Is Zaara in love with Raza despite her father's arrangements?,No
Did Shabbo help Zaara leave Pakistan and settle in Veer's village in India?,Yes
Is Zaara in love with Veer in the movie 'Veer-Zaara'?,Yes.
Did Zaara break off her marriage with Raza because she believed Veer was dead?,Yes
Did Zaara break off her marriage with Raza because she believed Veer had died?,Yes
Did Zaara break off her marriage with Raza after believing Veer had died?,Yes
Did Zaara break off her marriage with Raza to be with Veer?,Yes
Did Raza blackmail Veer into making a difficult choice regarding Zaara's future with the Pakistani police involved?,Yes
Did Raza's actions lead to Veer traveling to Pakistan?,Yes
Does the Hayat Khan family have a significant impact on Raza and Zaara's relationship in the movie 'Veer-Zaara'?,Yes.
Does Raza's actions ultimately reveal Veer's true identity in the movie Veer-Zaara?,Yes
Did Raza's actions ultimately lead to an emotional reunion in Pakistan?,Yes
Does the story of Raza and Zaara ultimately connect to India?,Yes.
Does the Pakistani police play a role in the conflict involving Raza and Zaara?,Yes.
Does Raza's actions have an impact on the events that unfold in Pakistan?,Yes
Does Raza's blackmail have an impact on Zaara's family in *Veer-Zaara*?,Yes.
Does Raza's actions ultimately reveal Veer's true identity?,Yes
Does Raza's actions ultimately impact Zaara's life in Pakistan?,Yes
Does Raza's actions ultimately affect the relationship between Veer and Zaara in India?,Yes
Was saamiya involved in the situation with the Pakistani police in any way?,No
Did Saamiya travel to Pakistan to find someone who could prove Veer's true identity?,Yes
Did Saamiya seek to connect with the Hayat Khan family after discovering Veer's true identity?,Yes
Does Saamiya seek to prove Veer's true identity in *Veer-Zaara*?,Yes
Did Saamiya travel to Pakistan to find someone who could prove Veer's true identity?,Yes.
Does Saamiya travel to India to find someone who can prove Veer's true identity?,Yes.
Was Saamiya involved in the circumstances that led to the arrest by the Pakistani police?,Yes.
Did Saamiya travel to Pakistan in search of someone who could prove Veer's true identity?,Yes
Did Saamiya help uncover the truth about Veer to Hayat Khan's family?,Yes
Does Saamiya seek to prove Veer's true identity in the movie?,Yes
Does Saamiya travel to Pakistan to help prove Veer's true identity?,Yes
Does Saamiya travel to India to find someone who can prove Veer's true identity?,Yes
Was shabbo shocked by Zaara's marriage to Veer due to the actions of the Pakistani police?,No
Did Shabbo have any connection to Pakistan in the movie Veer-Zaara?,Yes.
Did Zaara's family settle in Veer's village in India after her parents passed away?,Yes
Is Shabbo shocked to learn about Zaara's marriage to Veer?,Yes
Is Pakistan where Veer and Zaara share an emotional reunion?,Yes
Does the story of Shabbo involve the concept of India in any significant way?,Yes
Is the Pakistani police involved in the events surrounding Shabbo and Zaara's story?,Yes
Did shabbo have any connection to Pakistan in the story of Veer-Zaara?,Yes.
Did Shabbo explain to Saamiya that Zaara is now married to Veer's village?,Yes
Is Shabbo involved in revealing the true identity of Veer in the movie?,Yes.
Is the emotional reunion between Shabbo and Pakistan significant in the plot of Veer-Zaara?,Yes
Is the story of Shabbo connected to India in *Veer-Zaara*?,Yes
Did the Pakistani police arrest someone related to Zaara's story?,Yes
Did Zaara leave Pakistan to be with Veer in India?,Yes
Did Zaara's actions ultimately lead to the involvement of Hayat Khan's family in her story?,Yes.
Does Zaara seek to uncover Veer's true identity in the movie?,Yes
Did Zaara's actions lead to an emotional reunion in Pakistan?,Yes
Did Zaara ultimately return to India to be with Veer?,Yes
Does Raza's actions threaten Zaara's well-being in the plot of 'Veer-Zaara'?,Yes
Does saamiya believe that Zaara's life would be better without Raza?,YES
Is Zaara married to Raza in the context of her relationship with Shabbo?,Yes.
Does Raza's actions ultimately lead Veer to make significant sacrifices for Zaara?,Yes.
Does Raza's actions lead to Zaara's eventual marriage in Veer's village?,Yes
Did Saamiya seek out Veer after believing he was dead in the bus accident?,No
Did Saamiya learn about Zaara's marriage to Veer's village after traveling there?,Yes.
Did Zaara eventually marry Veer after breaking off her marriage with Raza?,Yes
Is Zaara now married to Veer's village?,Yes
Is prisoner 786 actually Veer Pratap Singh?,Yes
Is Veer Pratap Singh the true identity of prisoner 786?,Yes
Did Veer and Zaara ultimately manage to live their lives together?,Yes
Is Raza Shirazi the fiancé of Zaara in the movie Veer-Zaara?,Yes.
