Question & Options,Correct Answer
"What are the relationships between the characters Pia, Rancho, and Virus in the movie '3 Idiots'?
Options:
A. A) Pia initially dislikes Rancho but grows fond of him after he reveals her fiancé's true nature.
B. B) Rancho is passionate about learning and often clashes with Virus, the strict college president.
C. C) Virus expels students without hesitation but later revokes the expulsion due to Raju's condition.
D. D) Virus is supportive of Rancho's unconventional methods throughout the movie.","A) Pia initially dislikes Rancho but grows fond of him after he reveals her fiancé's true nature., B) Rancho is passionate about learning and often clashes with Virus, the strict college president., C) Virus expels students without hesitation but later revokes the expulsion due to Raju's condition."
"What are the relationships and roles depicted among the characters in '3 Idiots'?
Options:
A. A) Pia initially dislikes Rancho but grows fond of him.
B. B) Rancho is passionate about learning and opposes Dr. Virus's strict methods.
C. C) Dr. Virus expelled the trio but later forgave them.
D. D) Farhan, Raju, and Rancho are friends who support each other.","A) Pia initially dislikes Rancho but grows fond of him., B) Rancho is passionate about learning and opposes Dr. Virus's strict methods., C) Dr. Virus expelled the trio but later forgave them."
"What actions or events are associated with Farhan, Raju, and Virus in the context of *3 Idiots*?
Options:
A. A) Farhan and Raju made a promise regarding Rancho's feelings.
B. B) Virus doubts Farhan and Raju's job prospects after graduation.
C. C) Virus expels Raju from the college.
D. D) Virus later revokes Raju's expulsion due to his condition.","A) Farhan and Raju made a promise regarding Rancho's feelings., B) Virus doubts Farhan and Raju's job prospects after graduation., D) Virus later revokes Raju's expulsion due to his condition."
"What are the relationships and roles among Farhan, Raju, and Virus in *3 Idiots*?
Options:
A. A) Farhan and Raju made a pact regarding Rancho's feelings for Pia.
B. B) Virus doubts Farhan and Raju's job prospects after graduation.
C. C) Virus expelled the trio but later forgave them.
D. D) Farhan, Raju, and Rancho helped during Mona's childbirth.","A) Farhan and Raju made a pact regarding Rancho's feelings for Pia., B) Virus doubts Farhan and Raju's job prospects after graduation., C) Virus expelled the trio but later forgave them., D) Farhan, Raju, and Rancho helped during Mona's childbirth."
"Which statements accurately describe the relationships among Farhan, Raju, and Virus in *3 Idiots*?
Options:
A. A) Farhan and Raju are friends searching for Rancho.
B. B) Virus believes that Farhan and Raju will not find jobs after graduation.
C. C) Virus expels Raju from the college.
D. D) Virus revokes Raju's expulsion after his health crisis.","A) Farhan and Raju are friends searching for Rancho., B) Virus believes that Farhan and Raju will not find jobs after graduation., D) Virus revokes Raju's expulsion after his health crisis."
"What roles do Farhan and Raju play in relation to Virus and the expelled trio in *3 Idiots*?
Options:
A. A) Farhan and Raju are friends searching for Rancho.
B. B) Virus doubts Farhan and Raju's future job prospects.
C. C) The expelled trio received forgiveness from Virus.
D. D) Farhan, Raju, and Rancho are the main characters in the story.","A) Farhan and Raju are friends searching for Rancho., B) Virus doubts Farhan and Raju's future job prospects., C) The expelled trio received forgiveness from Virus."
