node_1,node_2,edge,chunk_id,count
eternal sunshine of the spotless mind (soundtrack),jon brion,"Jon Brion composed the soundtrack for Eternal Sunshine of the Spotless Mind, which features songs from other artists.",0504e9d60e714a76bd1f8c9a72fff51a,4
eternal sunshine of the spotless mind (soundtrack),beck,Beck's cover version of 'Everybody's Got to Learn Sometime' is featured in Eternal Sunshine of the Spotless Mind's soundtrack.,0504e9d60e714a76bd1f8c9a72fff51a,4
the korgis' 'everybody's got to learn sometime',jon brion,Jon Brion provided instrumentation for Beck's cover version of 'Everybody's Got to Learn Sometime' in Eternal Sunshine of the Spotless Mind's soundtrack.,0504e9d60e714a76bd1f8c9a72fff51a,4
eternal sunshine of the spotless mind (soundtrack),the polyphonic spree,The Polyphonic Spree's music is featured in Eternal Sunshine of the Spotless Mind's soundtrack.,0504e9d60e714a76bd1f8c9a72fff51a,4
eternal sunshine of the spotless mind (soundtrack),the willowz,The Willowz' music is featured in Eternal Sunshine of the Spotless Mind's soundtrack.,0504e9d60e714a76bd1f8c9a72fff51a,4
eternal sunshine of the spotless mind (soundtrack),hollywood records,Hollywood Records released the soundtrack for Eternal Sunshine of the Spotless Mind.,0504e9d60e714a76bd1f8c9a72fff51a,4
