node_1,node_2,edge,chunk_id,count
gravity,steven price,Steven Price composed the incidental music for Gravity.,4a7928e9370a458a8787a99d2b5f94af,4
gravity: original motion picture soundtrack,digital release date,"September 17, 2013",4a7928e9370a458a8787a99d2b5f94af,4
gravity: original motion picture soundtrack,physical release date,"October 1, 2013",4a7928e9370a458a8787a99d2b5f94af,4
gravity,main article: gravity: original motion picture soundtrack,"Steven Price composed the incidental music for Gravity. In early September 2013, a 23-minute preview of the soundtrack was released online.",4a7928e9370a458a8787a99d2b5f94af,4
gravity: original motion picture soundtrack,watertower music,Released by WaterTower Music.,4a7928e9370a458a8787a99d2b5f94af,4
spiegel im spiegel,arvo pärt,Used in most of the film's official trailers.,4a7928e9370a458a8787a99d2b5f94af,4
