node_1,node_2,edge,chunk_id,count
inception,list of accolades received by inception,"The film won many awards in technical categories, such as Academy Awards for Best Cinematography, Best Sound Editing, Best Sound Mixing, and Best Visual Effects, and the British Academy Film Awards for Best Production Design, Best Special Visual Effects and Best Sound.",f074ea8bb24342e0ad0f6f3582deb05c,4
inception,the social network,"In most of its artistic nominations, such as Film, Director, and Screenplay at the Oscars, BAFTAs and Golden Globes, the film was defeated by The Social Network or The King's Speech.",f074ea8bb24342e0ad0f6f3582deb05c,4
inception,the king's speech,"In most of its artistic nominations, such as Film, Director, and Screenplay at the Oscars, BAFTAs and Golden Globes, the film was defeated by The Social Network or The King's Speech.",f074ea8bb24342e0ad0f6f3582deb05c,4
inception,bradbury award,The film did win the two highest honors for a science fiction or fantasy film: the 2011 Bradbury Award for best dramatic production.,f074ea8bb24342e0ad0f6f3582deb05c,4
inception,hugo award,The film did win the two highest honors for a science fiction or fantasy film: the 2011 Bradbury Award for best dramatic production and the 2011 Hugo Award for Best Dramatic Presentation (Long Form).,f074ea8bb24342e0ad0f6f3582deb05c,4
