node_1,node_2,edge,chunk_id,count
inception: music from the motion picture,hans zimmer,The score for Inception was written by Hans Zimmer.,f4c6d6856d074fa5a05232b4aa151014,4
main article: inception: music from the motion picture,inception,Inception is the movie in which the music composition 'Inception: Music from the Motion Picture' was created.,f4c6d6856d074fa5a05232b4aa151014,4
"édith piaf's ""non, je ne regrette rien"" (""no, i regret nothing"")",inception: music from the motion picture,"Édith Piaf's ""Non, je ne regrette rien"" (""No, I Regret Nothing"") appears throughout the film and was reworked into cues of the score.",f4c6d6856d074fa5a05232b4aa151014,4
hans zimmer,"édith piaf's ""non, je ne regrette rien"" (""no, i regret nothing"")","Hans Zimmer reworked pieces of Édith Piaf's ""Non, je ne regrette rien"" (""No, I Regret Nothing"") into cues of the score.",f4c6d6856d074fa5a05232b4aa151014,4
"édith piaf's ""non, je ne regrette rien"" (""no, i regret nothing"")",inception,"Édith Piaf's ""Non, je ne regrette rien"" (""No, I Regret Nothing"") is accurately timed to match the dreams in Inception.",f4c6d6856d074fa5a05232b4aa151014,4
hans zimmer,"édith piaf's ""non, je ne regrette rien"" (""no, i regret nothing"")","Hans Zimmer used a guitar sound reminiscent of Ennio Morricone, played by Johnny Marr, former guitarist of the Smiths.",f4c6d6856d074fa5a05232b4aa151014,4
reprise records,inception: music from the motion picture,"A soundtrack album for Inception: Music from the Motion Picture was released by Reprise Records on July 11, 2010.",f4c6d6856d074fa5a05232b4aa151014,4
hans zimmer,the majority of the score,The majority of the score for Inception: Music from the Motion Picture was included in high resolution 5.1 surround sound on the second disc of the two-disc Blu-ray release.,f4c6d6856d074fa5a05232b4aa151014,4
