node_1,node_2,edge,chunk_id,count
life of pi (soundtrack),mychael danna,The film's musical score was composed by Mychael Danna,e4f0996c06544c6fb2653ecc6e4c6776,4
mychael danna,life of pi (soundtrack),composed the music to Lee's films The Ice Storm and Ride with the Devil. A soundtrack album of the music was released by Sony Classical Records on 16 November 2012.,e4f0996c06544c6fb2653ecc6e4c6776,4
pi's lullaby,bombay jayashri,"The song 'Pi's Lullaby' was co-written by Danna and Bombay Jayashri, who performs the song in Tamil.",e4f0996c06544c6fb2653ecc6e4c6776,4
life of pi (soundtrack),pi's lullaby,The soundtrack album features the track 'Pi's Lullaby',e4f0996c06544c6fb2653ecc6e4c6776,4
