node_1,node_2,edge,chunk_id,count
mad max: fury road,musical score,The musical score for Mad Max: Fury Road was written by the Dutch composer Junkie XL.,09aa66d4e5794ffba0f80bcfc8fa0a02,4
junkie xl,mad max: fury road,The Dutch composer Junkie XL wrote the musical score for Mad Max: Fury Road.,09aa66d4e5794ffba0f80bcfc8fa0a02,4
mad max: fury road,soundtrack album,"A soundtrack album was released for Mad Max: Fury Road by WaterTower Music on May 12, 2015.",09aa66d4e5794ffba0f80bcfc8fa0a02,4
watertower music,mad max: fury road,"A soundtrack album for Mad Max: Fury Road was released by WaterTower Music on May 12, 2015.",09aa66d4e5794ffba0f80bcfc8fa0a02,4
