node_1,node_2,edge,chunk_id,count
shutter island,dennis lehane's novel shutter island,"Shutter Island is the title of a novel by Dennis Lehane, which served as the source material for the movie.",fe0d3c2e82b544bdb4a69ea4138a58c5,4
columbia pictures,dennis lehane's novel shutter island,"Columbia Pictures initially optioned the rights to Dennis Lehane's novel Shutter Island in 2003, but did not act on the option and it lapsed back to Lehane.",fe0d3c2e82b544bdb4a69ea4138a58c5,4
phoenix pictures,dennis lehane's novel shutter island,"After Columbia Pictures declined to develop Dennis Lehane's novel Shutter Island, Phoenix Pictures purchased the rights and hired Laeta Kalogridis to develop the film.",fe0d3c2e82b544bdb4a69ea4138a58c5,4
martin scorsese,shutter island,Director Martin Scorsese was attracted to the project based on Dennis Lehane's novel Shutter Island.,fe0d3c2e82b544bdb4a69ea4138a58c5,4
leonardo dicaprio,shutter island,Actor Leonardo DiCaprio was also attracted to the project based on Dennis Lehane's novel Shutter Island.,fe0d3c2e82b544bdb4a69ea4138a58c5,4
michelle williams,shutter island,"Production of Shutter Island began on March 6, 2008, about six weeks after Michelle Williams' former partner Heath Ledger unexpectedly died.",fe0d3c2e82b544bdb4a69ea4138a58c5,4
long island in boston harbor,shutter island,"The inspiration for the hospital and island setting of Shutter Island was Long Island in Boston Harbor, which author Dennis Lehane visited during the blizzard of 1978 as a child with his uncle and family.",fe0d3c2e82b544bdb4a69ea4138a58c5,4
taunton,world war ii flashback scenes,"Some scenes for Shutter Island were filmed in Taunton, Massachusetts.",fe0d3c2e82b544bdb4a69ea4138a58c5,4
medfield state hospital,shutter island,"The old Medfield State Hospital in Medfield, Massachusetts was another key location used for filming Shutter Island.",fe0d3c2e82b544bdb4a69ea4138a58c5,4
cawley's office scenes,second floor of the chapel during late evening,"The crew painted the hospital's brick walls to look like plywood for Cawley's office scenes in Shutter Island, which were filmed on the second floor of the chapel during late evening.",fe0d3c2e82b544bdb4a69ea4138a58c5,4
worcester,shutter island,"The crew wanted to film at the old Worcester location for Shutter Island, but it is not explicitly stated why this was not possible.",fe0d3c2e82b544bdb4a69ea4138a58c5,4
old worcester state hospital,surrounding buildings,"The crew wanted to film at the old Worcester State Hospital, but demolition of surrounding buildings made it impossible.",88ba1dd5a645410aa089d6d45b2557e7,4
stone lodge,cabin scene,"The stone lodge, next to Leach Pond, at Borderland State Park in Easton, Massachusetts, was used for the cabin scene.",88ba1dd5a645410aa089d6d45b2557e7,4
wilson mountain reservation,locus where teddy and chuck are caught in the hurricane,"Filming ended on July 2, 2008.",88ba1dd5a645410aa089d6d45b2557e7,4
