node_1,node_2,edge,chunk_id,count
main article: the dark knight rises (soundtrack),hans zimmer,Confirmed in an interview in October 2010 that he would be returning to score The Dark Knight Rises.,0ccb238e89a24d9aaade18074ee36db2,4
main article: the dark knight rises (soundtrack),james newton howard,"Offered to return and write the score with Zimmer as he did for Batman Begins and The Dark Knight, but chose not to because he noted that the chemistry established between Zimmer and Nolan during the making of Inception would make him seem like a 'third wheel'.",0ccb238e89a24d9aaade18074ee36db2,4
the dark knight rises (soundtrack),bane,Features a prevalent chant of the phrase 'Deshi Basara',0ccb238e89a24d9aaade18074ee36db2,4
the dark knight rises (soundtrack),hans zimmer,Included several cues from the earlier scores but explained that he wanted to go in a 'completely different direction' for Bane's theme.,0ccb238e89a24d9aaade18074ee36db2,4
the dark knight rises (soundtrack),two notes repeated,"Main theme consists of just two notes repeated, like in Batman Begins and The Dark Knight.",0ccb238e89a24d9aaade18074ee36db2,4
batman's pain and guilt,main theme of the film consisting of two repeated notes,"The main theme of The Dark Knight Rises represents Batman's inner turmoil, which is also emphasized through its recurrence in smaller parts as 'Molossus'. This highlights the close connection between Batman's emotions and the music associated with him.",90c7a32f34e04b5fa56e748745e95c30,4
