node_1,node_2,edge,chunk_id,node_3,node_4,node_5,count
frodo baggins,the ring,"Frodo Baggins, a young hobbit, continues his quest to destroy the Ring, which continues to weaken and tempt him.",f28263ac807d4005bd26c7d98ee27560,,,,4
elijah wood,frodo baggins,Elijah Wood portrays Frodo Baggins in the film series.,f28263ac807d4005bd26c7d98ee27560,,,,4
gandalf the white,mena of gondor,"As an Istari wizard, Gandalf travels to aid the Men of Gondor and acts as a general at the Siege of Gondor.",f28263ac807d4005bd26c7d98ee27560,,,,4
ian mckellen,gandalf the white,Ian McKellen portrays Gandalf the White in the film series.,f28263ac807d4005bd26c7d98ee27560,,,,4
aragorn,dúnedain ranger,Aragorn is a Dúnedain ranger.,f28263ac807d4005bd26c7d98ee27560,,,,4
viggo mortensen,aragorn,Viggo Mortensen portrays Aragorn in the film series.,f28263ac807d4005bd26c7d98ee27560,,,,4
samwise gamgee,frodo baggins,"Samwise Gamgee, better known as Sam, is Frodo's loyal hobbit gardener and companion.",f28263ac807d4005bd26c7d98ee27560,,,,4
sean astin,samwise gamgee,Sean Astin portrays Samwise Gamgee in the film series.,f28263ac807d4005bd26c7d98ee27560,,,,4
sméagol,gollum,Sméagol is a wretched and treacherous creature who was once one of the river-folk (an extinct race of hobbits) and now guides Frodo and Sam into Mordor while seeking the Ring. The first scenes in the film portray him in his former life as Sméagol as well as his deterioration into Gollum.,f28263ac807d4005bd26c7d98ee27560,,,,4
andy serkis,sméagol,Andy Serkis portrays Sméagol in the film series and also voices Gollum.,f28263ac807d4005bd26c7d98ee27560,,,,4
peregrin took,pippin,"Peregrin Took, better known as Pippin, is a cousin of Frodo's who becomes an esquire of Gondor.",f28263ac807d4005bd26c7d98ee27560,,,,4
billy boyd,peregrin took,Billy Boyd portrays Peregrin Took in the film series and also portrays Pippin.,f28263ac807d4005bd26c7d98ee27560,,,,4
meriadoc brandybuck,merry,"Meriadoc Brandybuck, better known as Merry, is a cousin of Frodo's who becomes an esquire of Rohan.",f28263ac807d4005bd26c7d98ee27560,,,,4
dominic monaghan,meriadoc brandybuck,Dominic Monaghan portrays Meriadoc Brandybuck in the film series and also portrays Merry.,f28263ac807d4005bd26c7d98ee27560,,,,4
gimli,dwarf warrior,Gimli is a dwarf warrior and companion to Aragorn along with Legolas.,f28263ac807d4005bd26c7d98ee27560,,,,4
john rhys-davies,gimli,John Rhys-Davies portrays Gimli in the film series and also voices Treebeard.,f28263ac807d4005bd26c7d98ee27560,,,,4
treebeard,ent leader,"Rhys-Davies also voices Treebeard, the ent leader.",f28263ac807d4005bd26c7d98ee27560,,,,4
john rhys-davies,gimli,"Actor John Rhys-Davies portrays the character of Gimli, a dwarf warrior and companion to Aragorn in 'The Lord of the Rings' trilogy.",72fc22c4b18c46bcafe1a5c4387d9e0b,,,,4
john rhys-davies,treebeard,"Apart from playing Gimli, John Rhys-Davies also gave voice to Treebeard, the ent leader in 'The Lord of the Rings'.",72fc22c4b18c46bcafe1a5c4387d9e0b,,,,4
orlando bloom,legolas,"Actor Orlando Bloom essayed the role of Legolas, an elven prince of Mirkwood and skilled archer in 'The Lord of the Rings'.",72fc22c4b18c46bcafe1a5c4387d9e0b,,,,4
bernard hill,théoden,"In 'The Lord of the Rings', Bernard Hill portrayed Théoden, the King of Rohan.",72fc22c4b18c46bcafe1a5c4387d9e0b,,,,4
miranda otto,éowyn,"Actress Miranda Otto played Éowyn, Théoden's niece and a warrior woman who wishes to prove herself in battle in 'The Lord of the Rings'.",72fc22c4b18c46bcafe1a5c4387d9e0b,,,,4
miranda otto,aragorn,"In 'The Lord of the Rings: The Return of the King', Miranda Otto's character Éowyn falls in love with Aragorn, but he does not reciprocate her feelings.",72fc22c4b18c46bcafe1a5c4387d9e0b,,,,4
david wenham,faramir,"In 'The Lord of the Rings: The Two Towers', David Wenham played Faramir, a son of the Stewards of Gondor and head of the Gondorian Rangers defending Osgiliath.",72fc22c4b18c46bcafe1a5c4387d9e0b,,,,4
karl urban,éomer,"Actor Karl Urban depicted Éomer, Éowyn's brother and Chief Marshal of the Riders of Rohan who serves as his uncle's heir in 'The Lord of the Rings'.",72fc22c4b18c46bcafe1a5c4387d9e0b,,,,4
hugo weaving,elrond,"In 'The Lord of the Rings: The Fellowship of the Ring', Hugo Weaving portrayed Elrond, the Lord of Rivendell.",72fc22c4b18c46bcafe1a5c4387d9e0b,,,,4
liv tyler,arwen,"Actress Liv Tyler appeared as Arwen, Elrond's daughter and Aragorn's true love in 'The Lord of the Rings'.",72fc22c4b18c46bcafe1a5c4387d9e0b,,,,4
cate blanchett,galadriel,"In 'The Lord of the Rings: The Fellowship of the Ring', Cate Blanchett enacted the role of Galadriel, the Elven-Queen of Lothlórien.",72fc22c4b18c46bcafe1a5c4387d9e0b,,,,4
john noble,denethor,"Actor John Noble depicted Denethor, the corrupt Steward of Gondor and father of Boromir and Faramir in 'The Lord of the Rings'.",72fc22c4b18c46bcafe1a5c4387d9e0b,,,,4
ian holm,bilbo baggins,Ian Holm portrays the character of Bilbo Baggins in the movie.,29b00e6e5aac43beba3bb847cfb8d216,,,,4
bilbo baggins,frodo's,"Bilbo Baggins is the elderly uncle of Frodo, as mentioned in the context.",29b00e6e5aac43beba3bb847cfb8d216,,,,4
sean bean,boromir,Sean Bean plays the character of Boromir in the movie.,29b00e6e5aac43beba3bb847cfb8d216,,,,4
boromir,faramir's,"As per the context, Boromir is the older brother of Faramir.",29b00e6e5aac43beba3bb847cfb8d216,,,,4
marton csokas,celeborn the wise,Marton Csokas portrays the character of Celeborn the Wise in the movie.,29b00e6e5aac43beba3bb847cfb8d216,,,,4
lawrence makoare,witch-king of angmar,"As per the context, Lawrence Makoare plays the character of the Witch-king of Angmar.",29b00e6e5aac43beba3bb847cfb8d216,,,,4
makoare,gothmog,"In the Extended Edition of the movie, Makoare portrays the character of Gothmog, who is voiced by Craig Parker.",29b00e6e5aac43beba3bb847cfb8d216,,,,4
thomas robins,déagol,Thomas Robins plays the character of Déagol in the movie.,29b00e6e5aac43beba3bb847cfb8d216,,,,4
bilbo baggins,sméagol's,"As per the context, Bilbo Baggins is the cousin of Sméagol who is killed by him.",29b00e6e5aac43beba3bb847cfb8d216,,,,4
christopher lee,saruman the white,"In the movie, Christopher Lee portrays the character of Saruman the White.",29b00e6e5aac43beba3bb847cfb8d216,,,,4
brad dourif,gríma wormtongue,"As per the Extended Edition of the movie, Brad Dourif plays the character of Gríma Wormtongue.",29b00e6e5aac43beba3bb847cfb8d216,,,,4
saruman the white,white council's,"As per the context, Saruman the White was formerly the head of the Istari Order and its White Council.",29b00e6e5aac43beba3bb847cfb8d216,,,,4
gríma wormtongue,saruman's,"In the movie, Gríma Wormtongue is Saruman's sycophantic and treacherous servant.",29b00e6e5aac43beba3bb847cfb8d216,,,,4
brad dourif,gríma wormtongue,Brad Dourif portrayed the character Gríma Wormtongue in the film.,3c683aa696ca4cb49dd1ce36eac361e9,,,,4
saruman's,sycophantic servant,Gríma Wormtongue was Saruman's sycophantic servant as depicted in the movie.,3c683aa696ca4cb49dd1ce36eac361e9,,,,4
legolas,brad dourif,"After stabbing Saruman, Brad Dourif's character Gríma Wormtongue was shot by Legolas in the movie.",3c683aa696ca4cb49dd1ce36eac361e9,,,,4
bruce spence,the mouth of sauron,Bruce Spence played the role of the Mouth of Sauron in the film.,3c683aa696ca4cb49dd1ce36eac361e9,,,,4
sauron's,ambassador at the black gate,"The character portrayed by Bruce Spence, known as the Mouth of Sauron, was Sauron's ambassador at the Black Gate.",3c683aa696ca4cb49dd1ce36eac361e9,,,,4
peter jackson,richard taylor,"In the extended edition, all of them except Jackson appeared only as cameos on the Corsair ship.",3c683aa696ca4cb49dd1ce36eac361e9,Gino Acevedo,Rick Porras,Andrew Lesnie,4
sean astin's daughter,sam and rosie's older daughter elanor,"In the last scene of the film, Sean Astin's daughter played Sam and Rosie's older daughter Elanor.",3c683aa696ca4cb49dd1ce36eac361e9,,,,4
sarah mcleod's daughter,sam and rosie's younger son,"In the same scene, Sarah McLeod's daughter played Sam and Rosie's younger son.",3c683aa696ca4cb49dd1ce36eac361e9,,,,4
christian rivers,gondorian soldier guarding the beacon pippin lights,"In the film, Christian Rivers played a Gondorian soldier guarding the Beacon Pippin lights.",3c683aa696ca4cb49dd1ce36eac361e9,,,,4
royd tolkien,ranger in osgiliath,"In the film, Royd Tolkien appeared as a Ranger in Osgiliath.",3c683aa696ca4cb49dd1ce36eac361e9,,,,4
howard shore,celebrating soldier at edoras,"In the extended edition, Howard Shore appeared as a celebrating soldier at Edoras.",3c683aa696ca4cb49dd1ce36eac361e9,,,,4
the designers of the lord of the rings strategy battle game,rohirrim at the pelennor,"In the extended edition, four of the designers of The Lord of the Rings Strategy Battle Game appeared as Rohirrim at the Pelennor.",3c683aa696ca4cb49dd1ce36eac361e9,,,,4
each cast member,portrait morphed with the real photograph beside their name,"During the closing credits of the film, each cast member got a sketched portrait morphed with the real photograph beside their name, which were sketched by Alan Lee.",3c683aa696ca4cb49dd1ce36eac361e9,,,,4
