node_1,node_2,edge,chunk_id,count
jordan belfort,mark hanna,"In 1987, Jordan Belfort lands a job as a Wall Street stockbroker for L.F. Rothschild, employed under Mark Hanna.",732e611d4b9742eca069ba797d172226,4
jordan belfort,l.f. rothschild,"In 1987, Jordan Belfort lands a job as a Wall Street stockbroker for L.F. Rothschild.",732e611d4b9742eca069ba797d172226,4
mark hanna,drug-fueled stockbroker culture,Hanna's belief that a broker's only goal is to make money for himself promotes a drug-fueled stockbroker culture.,732e611d4b9742eca069ba797d172226,4
jordan belfort,investor's center,"Following Black Monday, Jordan takes a job at Investor's Center, a boiler room brokerage firm on Long Island that specializes in pink sheet penny stocks.",732e611d4b9742eca069ba797d172226,4
jordan belfort,pink sheet penny stocks,"Jordan makes a small fortune thanks to his aggressive pitching style and high commissions at Investor's Center, specializing in pink sheet penny stocks.",732e611d4b9742eca069ba797d172226,4
jordan belfort,donnie azoff,Befriended each other and started their own brokerage company,35dddce3803b4b5d950b8b6ae17667c9,4
jordan belfort,robbie feinberg,Recruited as a childhood friend for the brokerage company,35dddce3803b4b5d950b8b6ae17667c9,4
jordan belfort,alden kupferburg,Recruited as a childhood friend for the brokerage company,35dddce3803b4b5d950b8b6ae17667c9,4
jordan belfort,nicky koskoff,Recruited as a childhood friend for the brokerage company,35dddce3803b4b5d950b8b6ae17667c9,4
jordan belfort,chester ming,Recruited for the brokerage company,35dddce3803b4b5d950b8b6ae17667c9,4
jordan belfort,toby welch,Recruited for the brokerage company,35dddce3803b4b5d950b8b6ae17667c9,4
jordan belfort,brad bonick,Recruited as a local drug pusher for the brokerage company and trained in salesmanship,35dddce3803b4b5d950b8b6ae17667c9,4
stratton oakmont,jordan belfort,Founder and owner of the brokerage firm,35dddce3803b4b5d950b8b6ae17667c9,4
stratton oakmont,befriended investors,Recruited through positive word-of-mouth due to Jordan's salesmanship and tactics,35dddce3803b4b5d950b8b6ae17667c9,4
stratton oakmont,successful brokerage company,"Due to Jordan's strategies, such as pump and dump schemes, and the exposure it received in Forbes",35dddce3803b4b5d950b8b6ae17667c9,4
jordan belfort,naomi lapaglia,"Affair between Jordan Belfort and Naomi Lapaglia. Jordan divorces his wife Teresa due to this affair, and later marries Naomi in 1991.",ec49a1d6532d460b914974fdf02adeca,4
jordan belfort,sec,Investigation by the SEC into Jordan Belfort's activities at Stratton Oakmont.,ec49a1d6532d460b914974fdf02adeca,4
jordan belfort,fbi,Investigation by the FBI into Jordan Belfort's activities at Stratton Oakmont.,ec49a1d6532d460b914974fdf02adeca,4
naomi lapaglia,emma (aunt of naomi),Jordan opens a Swiss bank account in the name of Emma to hide his money. Emma lives in London and is outside the immediate reach of American authorities.,ec49a1d6532d460b914974fdf02adeca,4
brad,donnie,"Heated argument between Brad and Donnie during a money exchange, resulting in Brad's arrest while Donnie escapes.",ec49a1d6532d460b914974fdf02adeca,4
jordan belfort,chantalle (swiss-slovenian wife of brad),"Jordan uses Chantalle and her family to smuggle cash into Switzerland, as they have European passports.",ec49a1d6532d460b914974fdf02adeca,4
jordan belfort,bo dietl,"Jordan's private investigator Bo Dietl informs Jordan that the FBI is wiretapping his phones, which causes Jordan to consider leaving Stratton Oakmont.",ec49a1d6532d460b914974fdf02adeca,4
max (father of jordan belfort),jordan belfort,Max advises Jordan to leave Stratton Oakmont and lie low while his lawyer negotiates a deal to keep him out of prison.,ec49a1d6532d460b914974fdf02adeca,4
steve madden,jordan belfort,"Jordan makes $22 million in three hours after securing the IPO of Steve Madden, bringing him and his firm further FBI attention.",ec49a1d6532d460b914974fdf02adeca,4
donnie (childhood friend of steve madden),jordan belfort,"Donnie's childhood friendship with Steve Madden, which Jordan takes advantage of by securing the IPO for him.",ec49a1d6532d460b914974fdf02adeca,4
jordan,emma,"In 1996, Jordan's wife Emma dies of a heart attack. Jordan learns of her death while on a yacht trip to Italy.",433d556489a94c0eb9434b1c7f7f8e9b,4
jordan,switzerland,Jordan goes to Switzerland to forge Emma's name and save their account before going to London for the funeral.,433d556489a94c0eb9434b1c7f7f8e9b,4
jordan,monaco,"To bypass border patrols, Jordan orders his yacht captain Ted to sail to Monaco.",433d556489a94c0eb9434b1c7f7f8e9b,4
jordan's yacht,monaco,Jordan and his wives are on their yacht when they learn of Emma's death. Jordan orders Ted to sail to Monaco from Italy.,433d556489a94c0eb9434b1c7f7f8e9b,4
jordan's yacht,storm,Their ship capsizes in a storm while en route to Geneva after their rescue.,433d556489a94c0eb9434b1c7f7f8e9b,4
plane,geneva,"A plane is sent to take Jordan and his wives to Geneva, but it is destroyed when a seagull flies into the engine. Jordan takes this as a sign from God.",433d556489a94c0eb9434b1c7f7f8e9b,4
jordan,drug addiction,"After his wife's death, Jordan starts to address his worsening drug addiction and attempts to sober up.",433d556489a94c0eb9434b1c7f7f8e9b,4
saurel,koskoff,Saurel and Koskoff are arrested for an unrelated crime in the given context.,433d556489a94c0eb9434b1c7f7f8e9b,4
saurel,fbi,Saurel informs the FBI about Jordan as a plea bargain.,433d556489a94c0eb9434b1c7f7f8e9b,4
jordan,colleagues,Jordan agrees to gather evidence from his colleagues in exchange for leniency.,433d556489a94c0eb9434b1c7f7f8e9b,4
naomi,divorce,Naomi tells Jordan that she is divorcing him and wants full custody of their children.,433d556489a94c0eb9434b1c7f7f8e9b,4
jordan,cocaine,"In a cocaine-fueled rage, Jordan punches Naomi and tries to drive away with his daughter but crashes his car in the driveway.",433d556489a94c0eb9434b1c7f7f8e9b,4
jordan,donnie,"wears a wire to work and slips a note to Donnie, warning his old partner. However, Donnie betrays Jordan by giving his note to the FBI.",3cd9a0617c994702a0059ca5dc0b3014,4
jordan,fbi,arrested by FBI after Donnie gave his note to them,3cd9a0617c994702a0059ca5dc0b3014,4
stratton oakmont,shut down,raided and shut down by the FBI,3cd9a0617c994702a0059ca5dc0b3014,4
jordan,reduced sentence of 36 months in a minimum security prison for his testimony,received a reduced sentence of 36 months in a minimum security prison for his testimony,3cd9a0617c994702a0059ca5dc0b3014,4
jordan,released in 2000 after serving 22 months,was released in 2000 after serving 22 months,3cd9a0617c994702a0059ca5dc0b3014,4
