node_1,node_2,edge,chunk_id,count
joker,mafia-owned bank,"Gang of masked criminals rob mafia-owned bank, betraying and killing each other until the sole survivor, Joker, reveals himself as the mastermind and escapes with the money.",2beccaf34de44348866539f80543d196,4
joker,crime families,"Joker offers to kill Batman for half of the fortune their accountant, Lau, concealed before fleeing to Hong Kong to avoid extradition. Crime families accept Joker's offer and he kills high-profile targets involved in the trial, including the judge and police commissioner.",2beccaf34de44348866539f80543d196,4
dent,crime families,"Gotham's organized crime. Batman's true identity, Bruce Wayne, publicly supports Dent as Gotham's legitimate protector, as Wayne believes Dent's success will allow Batman to retire, allowing him to romantically pursue his childhood friend Rachel Dawes, despite her relationship with Dent.",2beccaf34de44348866539f80543d196,4
joker,high-profile targets involved in the trial,"Joker targets high-profile targets involved in the trial, including the judge and police commissioner.",2beccaf34de44348866539f80543d196,4
dent,rachel dawes,"Batman's true identity, Bruce Wayne, publicly supports Dent as Gotham's legitimate protector, as Wayne believes Dent's success will allow Batman to retire, allowing him to romantically pursue his childhood friend Rachel Dawes, despite her relationship with Dent.",2beccaf34de44348866539f80543d196,4
batman,rachel dawes,"Batman's true identity, Bruce Wayne, publicly supports Dent as Gotham's legitimate protector, as Wayne believes Dent's success will allow Batman to retire, allowing him to romantically pursue his childhood friend Rachel Dawes, despite her relationship with Dent.",2beccaf34de44348866539f80543d196,4
joker,batman,"The Joker interrupts the meeting and offers to kill Batman for half of the fortune their accountant, Lau, concealed before fleeing to Hong Kong to avoid extradition.",2beccaf34de44348866539f80543d196,4
dent,gotham's legitimate protector,"Batman's true identity, Bruce Wayne, publicly supports Dent as Gotham's legitimate protector, as Wayne believes Dent's success will allow Batman to retire, allowing him to romantically pursue his childhood friend Rachel Dawes, despite her relationship with Dent.",2beccaf34de44348866539f80543d196,4
batman,rachel dawes,"Despite their relationship, Batman saves Rachel from the Joker's attack.",2beccaf34de44348866539f80543d196,4
batman,joker,"Batman's attacks will continue until Batman reveals his identity. The Joker targets Batman and claims to find him entertaining, with no intention of killing him.",19a1575c690c427997b6308baf70caf6,4
dent,joker,"The Joker throws Rachel out of a window during his attack on Dent at a fundraising dinner. Dent claims to be Batman in order to lure the Joker out, but the Joker attacks the police convoy transporting him instead.",19a1575c690c427997b6308baf70caf6,4
rachel,joker,"The Joker throws Rachel out of a window during his attack on Dent at a fundraising dinner. Batman rescues her, but she is later killed in the explosion set by the Joker.",19a1575c690c427997b6308baf70caf6,4
dent,rachel,Dent claims to be Batman to lure out the Joker and rescue Rachel from his attack at a fundraising dinner. She is later killed in the explosion set by the Joker.,19a1575c690c427997b6308baf70caf6,4
pennyworth,wayne,Alfred Pennyworth says 'some men just want to watch the world burn' when discussing the Joker's motives with Bruce Wayne.,19a1575c690c427997b6308baf70caf6,4
dent,commissioner gordon,"Gordon is promoted to commissioner after successfully apprehending Dent. Later, Dent defers his decision-making to Gordon when he becomes Two-Face.",19a1575c690c427997b6308baf70caf6,4
joker,dent (as two-face),"The Joker meets with a disillusioned Dent, who has become Two-Face, and persuades him to take the law into his own hands and avenge Rachel.",19a1575c690c427997b6308baf70caf6,4
reese,wayne,Coleman Reese deduces and tries to expose Batman's identity. The Joker threatens to blow up a hospital unless Reese is killed.,19a1575c690c427997b6308baf70caf6,4
dent,joker,"Dent defers his decision-making to his now half-scarred, two-headed coin and kills corrupt officers and mafia involved in Rachel's death. The Joker reveals two evacuation ferries, one carrying civilians and the other prisoners, are rigged to explode at midnight unless one group sacrifices the other. To the Joker's disbelief, the passengers refuse to kill each other.",faf2b4d8465648dfbb0c5777848b136f,4
dent,rachel,Rachel's death leads Dent to take the law into his own hands and seek vengeance against those responsible.,faf2b4d8465648dfbb0c5777848b136f,4
gordon,dent,"Dent takes Gordon's family hostage, blaming his negligence for Rachel's death and deciding their fates with his now half-scarred, two-headed coin.",faf2b4d8465648dfbb0c5777848b136f,4
gordon,batman,Batman persuades Gordon to conceal the truth about Dent's corruption and takes the blame for his death and actions.,faf2b4d8465648dfbb0c5777848b136f,4
rachel,wayne,"Rachel chooses Dent over Wayne, as revealed in an undelivered letter burned by Pennyworth.",faf2b4d8465648dfbb0c5777848b136f,4
