node_1,node_2,edge,chunk_id,count
the wolf of wall street,soundtrack,The film's soundtrack features both original and preexisting music tracks.,c76de7c4309e4fe39d0ce294572d33a4,4
"december 17, 2013",digital download,"The film's soundtrack was released on December 17, 2013, for digital download.",c76de7c4309e4fe39d0ce294572d33a4,4
60 songs,film,"More than 60 songs are used in the film,",c76de7c4309e4fe39d0ce294572d33a4,4
theodore shapiro,original compositions,but original compositions by Theodore Shapiro are among the notable exceptions.,c76de7c4309e4fe39d0ce294572d33a4,4
