Question & Options,Correct Answer
"Which of the following statements are true regarding the release of 'A Haunted House 2' in 2014?
Options:
A. The movie was confirmed for release on May 3, 2013.
B. A Haunted House 2 was released on March 28, 2014.
C. The movie was released in 2013.
D. March 28, 2014, is the official release date of A Haunted House 2.","The movie was confirmed for release on May 3, 2013.; A Haunted House 2 was released on March 28, 2014.; March 28, 2014, is the official release date of A Haunted House 2."
"Which of the following statements are true regarding the production of the movie 'A Haunted House 2' released in 2014?
Options:
A. Principal photography for 'A Haunted House 2' started on August 26, 2013.
B. The production of 'A Haunted House 2' was completed in October 2013.
C. Filming for 'A Haunted House 2' ended on September 29, 2013.
D. The movie was produced by a major Hollywood studio.","Principal photography for 'A Haunted House 2' started on August 26, 2013., Filming for 'A Haunted House 2' ended on September 29, 2013."
