Question & Options,Correct Answer
"Which of the following titles were considered for the movie 'That's My Boy' released in 2012?
Options:
A. I Hate You, Dad
B. Donny's Boy
C. That's My Boy
D. Father and Son","I Hate You, Dad, Donny's Boy"
"In the movie 'That's My Boy' released in 2012, which of the following statements are true regarding the production timeline?
Options:
A. Filming began on May 2, 2011.
B. Filming began on May 2, 2012.
C. The movie was released in 2012.
D. Filming was completed before May 2, 2012.","Filming began on May 2, 2012., The movie was released in 2012."
"In the movie 'That's My Boy' released in 2012, which of the following statements are true regarding the filming schedule?
Options:
A. Filming ended on July 15, 2012.
B. Filming started on July 15, 2012.
C. Filming ended before July 15, 2012.
D. Filming continued after July 15, 2012.","Filming ended on July 15, 2012."
