Question,Answer
Did Dashrath believe he had destroyed Bunty and Babli's careers as criminals?,Yes
Did Rakesh play a significant role in the downfall of Bunty and Babli's careers as criminals?,Yes.
Did Abhishek play a role that contributed to the downfall of Bunty and Babli's careers as criminals?,Yes
Is Babli a partner-in-crime with Vimmi in the film *Bunty Aur Babli*?,Yes.
Does Dashrath relentlessly pursue Vimmi across India in the hopes of putting her behind bars?,Yes
Is Babli a close accomplice of Vimmi in the movie Bunty Aur Babli?,Yes
Did Saif Ali Khan replace Abhishek Bachchan in the film involving Vimmi?,Yes.
Did vimmi contribute to the box office disaster of the sequel to Bunty Aur Babli?,Yes.
