Question,Answer
Is Nawazuddin Siddiqui involved in the Intelligence Bureau storyline in *Kahaani*?,Yes.
Did Nawazuddin Siddiqui have a significant role in the movie *Kahaani*?,Yes
Does Parambrata Chatterjee play a role in the Intelligence Bureau in the movie *Kahaani*?,Yes.
Did Dhritiman Chatterjee play a significant role in the movie *Kahaani*?,Yes
Is Abir Chatterjee related to Dhritiman Chatterjee in the movie Kahaani?,No
"Did Arnab Bagchi, played by Indraneil Sengupta, have a significant role in the movie Kahaani?",Yes
