Question,Answer
Does Omi have any connection to the distributor's daughter?,Yes.
Does the photograph have any significance related to Rajesh in the movie?,Yes.
Does a photograph of Shanti play a significant role in Om's journey in *Om Shanti Om*?,Yes.
Does a photograph of Shanti play a significant role in Om's story?,Yes
Does a photograph play a significant role in the events involving Bela and Mukesh?,Yes.
Does a photograph of Shanti play a significant role in unsettling Bela?,No
Does the photograph play a significant role in the story of Om?,Yes
Does Om have a connection to a photograph of Shanti in the movie 'Om Shanti Om'?,Yes.
Does Om ultimately achieve victory over the circumstances surrounding the photograph of Shanti?,Yes
Did Om achieve victory over Mukesh in the movie *Om Shanti Om*?,Yes
