node_1,node_2,edge,chunk_id,count
all about steve,sandra bullock,Sandra Bullock starred in the movie 'All About Steve'.,6c96556e44de44f58090df18b4f4883e,4
all about steve,fox 2000 pictures,Fox 2000 Pictures acquired the Kim Barker penned spec script 'All About Steve' to be developed as a starring vehicle for Sandra Bullock.,6c96556e44de44f58090df18b4f4883e,4
all about steve,"september 4, 2009","The movie 'All About Steve' was released on September 4, 2009.",6c96556e44de44f58090df18b4f4883e,4
sandra bullock,bradley cooper,Bradley Cooper co-starred with Sandra Bullock in the movie 'All About Steve'.,6c96556e44de44f58090df18b4f4883e,4
mayfield senior school,parts of the film,"Parts of the movie 'All About Steve' were shot at Mayfield Senior School in Pasadena, California.",6c96556e44de44f58090df18b4f4883e,4
collapsed mine,sink hole,"Scenes featuring the collapsed mine and sink hole were filmed at The Walt Disney Company's Golden Oak Ranch near Santa Clarita, California.",6c96556e44de44f58090df18b4f4883e,4
july 2007,production,Production of the movie 'All About Steve' began in July 2007.,6c96556e44de44f58090df18b4f4883e,4
