node_1,node_2,edge,chunk_id,count
christian slater,sister clara,"Raised at an orphanage under Sister Clara, Carnby lost his memory when he was ten years old.",403ef95c2a4f432eb840e3b5d6dc2463,4
christian slater,bureau 713,"Recruited by Bureau 713 at the age of twenty, gaining knowledge on the paranormal soon after.",403ef95c2a4f432eb840e3b5d6dc2463,4
christian slater,abkani,Current assignment is investigating his past along with researching the disappearance of the Abkani.,403ef95c2a4f432eb840e3b5d6dc2463,4
tara reid,edward carnby,Knows about the Abkani and their culture. Dating relationship with Edward.,403ef95c2a4f432eb840e3b5d6dc2463,4
stephen dorff,commander richard burke,Formerly worked under Carnby's direction.,403ef95c2a4f432eb840e3b5d6dc2463,4
frank c. turner,edward carnby,"One of Carnby's few trusted allies and friends, head of the medical unit of Bureau 713.",403ef95c2a4f432eb840e3b5d6dc2463,4
mike dopud,agent turner,"Worked on a power generator with Agent Turner, killed by Fischer.",403ef95c2a4f432eb840e3b5d6dc2463,4
karin konoval,sister clara,"owner of the orphanage which cared for Edward. In the '80s, she was persuaded by Hudgens to allow experiments on the orphans.",6d4dba66d3164457b210d85d723212da,4
ed anders,james pinkerton,a former Agent of Bureau 713 who went missing in action in the 1980s. He and Hudgens were in charge of the investigation of the disappearance of gold-miners at Brutan Goldmine.,6d4dba66d3164457b210d85d723212da,4
