node_1,node_2,edge,chunk_id,count
anacondas: the hunt for the blood orchid,original motion picture soundtrack,"soundtrack composed by Nerida Tyson-Chew, released by Varèse Sarabande",1ba007dd0d354abab0126ef99e4b66fd,4
anacondas: the hunt for the blood orchid,film score,musical composition created specifically for the movie 'Anacondas: The Hunt for the Blood Orchid',1ba007dd0d354abab0126ef99e4b66fd,4
original motion picture soundtrack,soundtracks,collection of music featured in a motion picture,1ba007dd0d354abab0126ef99e4b66fd,4
film score,film scores,musical composition created specifically for a film,1ba007dd0d354abab0126ef99e4b66fd,4
nerida tyson-chew,anacondas: the hunt for the blood orchid,composer of the soundtrack for the movie 'Anacondas: The Hunt for the Blood Orchid',1ba007dd0d354abab0126ef99e4b66fd,4
varèse sarabande,anacondas: the hunt for the blood orchid,record label that released the soundtrack for the movie 'Anacondas: The Hunt for the Blood Orchid',1ba007dd0d354abab0126ef99e4b66fd,4
