node_1,node_2,edge,chunk_id,count
main title,soundtrack,The section titled 'HERE IS THE DETAILS OF MOVIE'S SOUNDTRACK' mentions 'Main Title' as a track included in the soundtrack.,4c251fbca7d34493ac5a3211a9afc806,4
the name of the game,soundtrack,The section titled 'HERE IS THE DETAILS OF MOVIE'S SOUNDTRACK' mentions 'The Name of the Game' as a track included in the soundtrack.,4c251fbca7d34493ac5a3211a9afc806,4
smartbomb,remix,The section titled 'HERE IS THE DETAILS OF MOVIE'S SOUNDTRACK' mentions a remix of 'Smartbomb' in the track list.,4c251fbca7d34493ac5a3211a9afc806,4
heaven scent,original mix,The section titled 'HERE IS THE DETAILS OF MOVIE'S SOUNDTRACK' mentions an original mix of 'Heaven Scent' in the track list.,4c251fbca7d34493ac5a3211a9afc806,4
i think of you,screamer remix,The section titled 'HERE IS THE DETAILS OF MOVIE'S SOUNDTRACK' mentions a screamer remix of 'I Think of You' in the track list.,4c251fbca7d34493ac5a3211a9afc806,4
