node_1,node_2,edge,chunk_id,node_3,node_4,node_5,node_6,count
choice movie: comedy actor,dwayne johnson,Nominated for the Choice Movie: Comedy Actor award at the Teen Choice Awards in 2017.,2a3718809679457c88f2d5ac92f4261a,,,,,4
choice movie: comedy actor,zac efron,Nominated for the Choice Movie: Comedy Actor award at the Teen Choice Awards in 2017.,2a3718809679457c88f2d5ac92f4261a,,,,,4
alexandra daddario,best t&a of the year,Won the Golden Schmoes Award for Best T&A of the Year in 2017.,2a3718809679457c88f2d5ac92f4261a,,,,,4
priyanka chopra,choice movie: villain,Nominated for the Choice Movie: Villain award at the Teen Choice Awards in 2017.,2a3718809679457c88f2d5ac92f4261a,,,,,4
michael berk,ivan reitman,Nominated for the Worst Picture award at the 38th Golden Raspberry Awards in 2018.,2a3718809679457c88f2d5ac92f4261a,Douglas Schwartz,,,,4
damian shannon,mark swift,Nominated for the Worst Screenplay award at the 38th Golden Raspberry Awards in 2018.,2a3718809679457c88f2d5ac92f4261a,Jay Scherick,David Ronn,Thomas Lennon,Robert Ben Garant,4
zac efron,worst actor,Nominated for the Worst Actor award at the 38th Golden Raspberry Awards in 2018.,2a3718809679457c88f2d5ac92f4261a,,,,,4
choice movie: ship,dwayne johnson and zac efron,Nominated for the Choice Movie: Ship award at the Teen Choice Awards in 2017.,2a3718809679457c88f2d5ac92f4261a,,,,,4
the razzie nominee so rotten you loved it,"worst prequel, remake, rip-off or sequel","Nominated for the Worst Prequel, Remake, Rip-off or Sequel award at the 38th Golden Raspberry Awards in 2018.",2a3718809679457c88f2d5ac92f4261a,,,,,4
