node_1,node_2,edge,chunk_id,node_3,count
movie,summary,"The provided context is presenting a detailed description of a movie, and the summary refers to this specific part of the information.",d58451f0ea7a4c8ba385563612f7ef83,,4
daddy day care (also known as daddy day care 2),revolution studios,Daddy Day Care (also known as Daddy Day Care 2) is a 2007 American children's comedy film directed by Fred Savage in his feature film directorial debut. The film was produced by Revolution Studios and released by TriStar Pictures.,97942108039f44b887f89ab86e1b1abd,,4
daddy day care (also known as daddy day care 2),tristar pictures,"Daddy Day Care (also known as Daddy Day Care 2) was theatrically released in the United States on August 8, 2007, and was distributed by TriStar Pictures.",97942108039f44b887f89ab86e1b1abd,,4
camp driftwood,daddy day care (also known as daddy day care 2),"Charlie and Phil take their kids, Max and Ben, to Camp Driftwood for the summer.",97942108039f44b887f89ab86e1b1abd,,4
driftwood,camp driftwood,"Once there, they discover that Driftwood is now falling to ruins",97942108039f44b887f89ab86e1b1abd,,4
counselor,driftwood,"and also no longer a kindhearted campsite. To save the site, Charlie and Phil buy a partnership from the younger man who ran it when they were children, after the older partner and the original counselor run off on vacation,",97942108039f44b887f89ab86e1b1abd,,4
charlie,phil,"Charlie and Phil take their kids, Max and Ben, to Camp Driftwood for the summer.",97942108039f44b887f89ab86e1b1abd,,4
max,ben,"Charlie and Phil's children, Max and Ben,",97942108039f44b887f89ab86e1b1abd,Charlie and Phil,4
lance warner,daddy day care (also known as daddy day care 2),"Lance Warner, Charlie's childhood rival,",97942108039f44b887f89ab86e1b1abd,,4
bobby j,lance warner,"now runs the luxurious rival camp Canola,",97942108039f44b887f89ab86e1b1abd,,4
canola,lance warner,and has a son named Bobby J,97942108039f44b887f89ab86e1b1abd,,4
charlie,lance warner,childhood rival,a5c12f437536491f81cbb0606ac38e32,,4
driftwood,canola,rival camp run by Lance Warner's son Bobby J,a5c12f437536491f81cbb0606ac38e32,,4
charlie,bobby j,son of Charlie's childhood rival Lance Warner,a5c12f437536491f81cbb0606ac38e32,,4
driftwood,luxurious camp,camp Driftwood is less luxurious than Canola,a5c12f437536491f81cbb0606ac38e32,,4
charlie,camp olympiad,refusal to participate in the upcoming Camp Olympiad,a5c12f437536491f81cbb0606ac38e32,,4
charlie,driftwood flag,theft of Driftwood flag by Canola,a5c12f437536491f81cbb0606ac38e32,,4
driftwood,campers,decrease in number due to parental withdrawals and financial issues,a5c12f437536491f81cbb0606ac38e32,,4
colonel buck hinton,driftwood campers,training of the campers by Charlie's military father Colonel Buck Hinton,a5c12f437536491f81cbb0606ac38e32,,4
buck,campers,easy training of campers by Colonel Buck Hinton,a5c12f437536491f81cbb0606ac38e32,,4
canola,driftwood flag,stealing of Driftwood flag by Canola,a5c12f437536491f81cbb0606ac38e32,,4
lance warner,charlie's teaching style,remembering Charlie from their Olympiad days,a5c12f437536491f81cbb0606ac38e32,,4
olympiad,camp olympiad,The kids competed in the Olympiad at Camp Olympiad.,6f3343581b3846e48bb46a09fc8a6726,,4
charlie,camp olympiad,Charlie responded to a challenge for the Camp Olympiad.,6f3343581b3846e48bb46a09fc8a6726,,4
kids,camp olympiad,The kids started training for the Camp Olympiad.,6f3343581b3846e48bb46a09fc8a6726,,4
buck,military ways and support,The kids admired Buck because of his military ways and support during their training for the Camp Olympiad.,6f3343581b3846e48bb46a09fc8a6726,,4
charlie,buck,Charlie disapproved of Buck's care for toughness and believed that Buck only cared about toughness during their training for the Camp Olympiad.,6f3343581b3846e48bb46a09fc8a6726,,4
max,flees to woods,"Lance and some of his fellow campmates teased Max about his father's over-protectiveness, causing Max to flee to the woods during their training for the Camp Olympiad.",6f3343581b3846e48bb46a09fc8a6726,,4
ben,camp olympiad,The kids found Ben during their training for the Camp Olympiad.,6f3343581b3846e48bb46a09fc8a6726,,4
charlie,phil,"Charlie complained to Phil about Buck during their training for the Camp Olympiad, and Buck overheard them.",6f3343581b3846e48bb46a09fc8a6726,,4
buck,leaves camp,The others found out that Buck had left during their training for the Camp Olympiad.,6f3343581b3846e48bb46a09fc8a6726,,4
kids,canola cheating,The kids discovered that Canola had cheated during the Camp Olympiad.,6f3343581b3846e48bb46a09fc8a6726,,4
lance,1977 olympiad,It was revealed that Lance won the 1977 Olympiad.,6f3343581b3846e48bb46a09fc8a6726,,4
buck,plan to win against canola,Buck formulated a plan to win against Canola during the Camp Olympiad.,6f3343581b3846e48bb46a09fc8a6726,,4
driftwood,baton relay,"The camp was set for the baton relay during the Camp Olympiad, with Mullet Head doing the climbing course and Max doing the sprint.",6f3343581b3846e48bb46a09fc8a6726,,4
mullet head,injury,"Mullet Head eventually injured his ankle from falling during the three-legged race in the baton relay at the Camp Olympiad, causing Ben to replace him.",6f3343581b3846e48bb46a09fc8a6726,,4
mullet head,ben,Ben replaces Mullet Head in climbing course due to ankle injury,f7a44123aa3541d5ada78a9ee06e45e5,,4
ben,campmates,Campmates encourage Ben after falling during climbing course,f7a44123aa3541d5ada78a9ee06e45e5,,4
becca,lance,Becca shows evidence of Lance's cheating on wall,f7a44123aa3541d5ada78a9ee06e45e5,,4
ben,wall,Ben successfully climbs the greased wall with time left to hit the bell,f7a44123aa3541d5ada78a9ee06e45e5,,4
lance,wall,Lance cheats on the wall for years by greasing it,f7a44123aa3541d5ada78a9ee06e45e5,,4
bobby j,lance,"Bobby J talks back and kicks Lance, causing the wall to collapse and leading to Lance breaking down crying",f7a44123aa3541d5ada78a9ee06e45e5,,4
driftwood parents,driftwood campers,Driftwood parents request permission to send their kids to Driftwood after seeing its example set by current campers winning the competition,f7a44123aa3541d5ada78a9ee06e45e5,,4
daddy day care sequel,murphy,Murphy unwillingly agrees to make a Daddy Day Camp sequel,f7a44123aa3541d5ada78a9ee06e45e5,,4
daddy day camp,box office success,"The film grossed $18.2 million worldwide, making it a modest box office success.",875a6ab514d5400d995f5c9cfe364e33,,4
daddy day camp,opening day gross,"On opening day, Daddy Day Camp grossed $773,706.",875a6ab514d5400d995f5c9cfe364e33,,4
daddy day camp,rotten tomatoes approval rating,"Daddy Day Camp holds an approval rating of 1% based on 79 reviews, with an average rating of 2.28/10.",875a6ab514d5400d995f5c9cfe364e33,,4
daddy day camp,rotten tomatoes critical consensus,"The website's critical consensus reads: 'A mirthless, fairly desperate family film, Daddy Day Camp relies too heavily on bodily functions for comedic effect, resulting in plenty of cheap gags, but no laughs.'",875a6ab514d5400d995f5c9cfe364e33,,4
daddy day camp,metacritic score,"The film has a weighted average score of 13 out of 100, based on 19 critics, indicating 'overwhelming dislike'.",875a6ab514d5400d995f5c9cfe364e33,,4
daddy day camp,cinemascore grade,Audiences polled by CinemaScore gave the film an average grade of 'B' on an A+ to F scale.,875a6ab514d5400d995f5c9cfe364e33,,4
daddy day camp,nathan rabin,Nathan Rabin from The A.V. Club gave the film a rare 'F' grade.,875a6ab514d5400d995f5c9cfe364e33,,4
