node_1,node_2,edge,chunk_id,count
daddy day care,movie's production,"The section provided above describes the details of the production of Daddy Day Care, which is a specific movie. Therefore, we can infer that 'Daddy Day Care' and 'Movie's Production' are related as Daddy Day Care falls under the category of movies being produced.",026dfd10a45f495e90d2f7b63268a4e3,4
august 2003,murphy's sequel,"According to the provided context, Eddie Murphy agreed to make a sequel soon after the release of Daddy Day Care in August 2003. Therefore, we can infer that 'August 2003' and 'Murphy's Sequel' are related as August 2003 is when Murphy decided to make a sequel.",026dfd10a45f495e90d2f7b63268a4e3,4
eddie murphy,murphy's sequel,"The context provided above mentions Eddie Murphy agreeing to make a sequel soon after the release of Daddy Day Care in August 2003. Therefore, we can infer that 'Eddie Murphy' and 'Murphy's Sequel' are related as Eddie Murphy was involved in making the sequel.",026dfd10a45f495e90d2f7b63268a4e3,4
daddy day care,movie's release,"The context provided above describes the details of the production of Daddy Day Care. Therefore, we can infer that 'Daddy Day Care' and 'Movie's Release' are related as Daddy Day Care is a specific movie being released.",026dfd10a45f495e90d2f7b63268a4e3,4
january 2023,article verification,"The context provided above mentions that the section requires additional citations for verification as of January 2023. Therefore, we can infer that 'January 2023' and 'Article Verification' are related as the article's verification is being requested in January 2023.",026dfd10a45f495e90d2f7b63268a4e3,4
