node_1,node_2,edge,chunk_id,count
disney,sequel,"Disney declined to produce the sequel, deeming it inappropriate for a PG-13 rating, as they aimed to avoid the R rating of the original film.",d2a6505668444974bcf7fde6bd8506d9,4
pg-13 rating,sequel,"Disney declined to produce the sequel, deeming it inappropriate for a PG-13 rating, as they aimed to avoid the R rating of the original film.",d2a6505668444974bcf7fde6bd8506d9,4
r rating,original film,"Disney declined to produce the sequel, deeming it inappropriate for a PG-13 rating, as they aimed to avoid the R rating of the original film.",d2a6505668444974bcf7fde6bd8506d9,4
sony pictures,film,"Consequently,  the film was picked up by Sony Pictures, which retained the distribution rights.",d2a6505668444974bcf7fde6bd8506d9,4
disney,5%,Disney however retains 5% of the box office gross.,d2a6505668444974bcf7fde6bd8506d9,4
