node_1,node_2,edge,chunk_id,count
dragonball evolution: original motion picture soundtrack,brian tyler,"Brian Tyler composed the score for Dragonball Evolution: Original Motion Picture Soundtrack, which was recorded with an 82-piece ensemble of the Hollywood Studio Symphony at the Newman Scoring Stage at 20th Century Fox.",1b0637d5a8d34b5a9aacc0f95f1fed47,4
dragonball evolution: original motion picture soundtrack,varèse sarabande,"Varèse Sarabande released the Dragonball Evolution: Original Motion Picture Soundtrack in the United States on March 17, 2009.",1b0637d5a8d34b5a9aacc0f95f1fed47,4
brian anthony,dragonball evolution: original motion picture soundtrack,American pop artist Brian Anthony's remixed song 'Worked Up' is featured on the Dragonball Evolution: Original Motion Picture Soundtrack and included as a bonus feature on the home video releases.,1b0637d5a8d34b5a9aacc0f95f1fed47,4
ayumi hamasaki,dragonball evolution: original motion picture soundtrack,Japanese singer Ayumi Hamasaki's song 'Rule' is the theme song for Dragonball Evolution and featured on the Dragonball Evolution: Original Motion Picture Soundtrack.,1b0637d5a8d34b5a9aacc0f95f1fed47,4
dragonball evolution: original motion picture soundtrack,soundtrack,The Dragonball Evolution: Original Motion Picture Soundtrack is a soundtrack for the movie Dragonball Evolution.,1b0637d5a8d34b5a9aacc0f95f1fed47,4
