node_1,node_2,edge,chunk_id,count
fifty shades darker,fifty shades freed,"The films were produced by Michael De Luca Productions and secured by Universal Pictures and Focus Features in March 2012. James Foley will direct both sequels, which will be shot back-to-back in 2016 with Niall Leonard writing the script and Michael De Luca and Dana Brunetti returning to produce, along with E. L. James and Marcus Viscidi.",7d284bd997ab4c3b8af931d83560bd2f,4
fifty shades darker,universal studios,"In November 2015, Universal Studios announced that Fifty Shades Darker and Fifty Shades Freed would be shot back-to-back.",7d284bd997ab4c3b8af931d83560bd2f,4
fifty shades darker,dakota johnson,Dakota Johnson will return to play the lead role in Fifty Shades Darker and Fifty Shades Freed.,7d284bd997ab4c3b8af931d83560bd2f,4
fifty shades darker,jamie dornan,Jamie Dornan will return to play the lead role in Fifty Shades Darker and Fifty Shades Freed.,7d284bd997ab4c3b8af931d83560bd2f,4
fifty shades darker,arielle kebbel,"In February 2016, Arielle Kebbel was cast in the film to play Gia Matteo.",7d284bd997ab4c3b8af931d83560bd2f,4
fifty shades darker,eric johnson,"In February 2016, Eric Johnson was cast as Jack Hyde.",7d284bd997ab4c3b8af931d83560bd2f,4
fifty shades darker,brant daugherty,"In February 2016, Brant Daugherty signed on to play Sawyer.",7d284bd997ab4c3b8af931d83560bd2f,4
fifty shades darker,fifty shades freed,"The two films, Fifty Shades Darker and Fifty Shades Freed, will be shot back-to-back in early 2016 due to Universal Studios' announcement in November 2015.",0e44f24a09d941829999c1c5879b9a43,4
paris,vancouver,"Filming for both Fifty Shades Darker and Fifty Shades Freed took place in Paris from February 9, 2016, to July 12, 2016, as well as Vancouver under the working title 'Further Adventures of Max and Banks 2 & 3'.",0e44f24a09d941829999c1c5879b9a43,4
