node_1,node_2,edge,chunk_id,count
fifty shades darker,original motion picture soundtrack,"The film's soundtrack was released in two separate versions; one for the 19 popular artists' songs used in the film, and another separate release for the original score composed for the film by Danny Elfman.",fb90241880184b33910dff5490ad8af1,4
fifty shades darker,danny elfman,Two of Elfman's themes were also included on the popular artists' version of the soundtrack release.,fb90241880184b33910dff5490ad8af1,4
zayn,taylor swift,"The film's theme song, ""I Don't Wanna Live Forever"" by Zayn and Taylor Swift was released on December 9, 2016.",fb90241880184b33910dff5490ad8af1,4
halsey,not afraid anymore,"The following month, on January 13, 2017, Halsey released the soundtrack's next single, ""Not Afraid Anymore"". ",fb90241880184b33910dff5490ad8af1,4
