node_1,node_2,edge,chunk_id,count
fifty shades of grey (soundtrack),earned it,The song 'Earned It' is a part of the soundtrack for the movie Fifty Shades of Grey.,76c52f1890e34e739afa40f2186fc026,4
fifty shades of grey (soundtrack),love me like you do,The song 'Love Me like You Do' is also a part of the soundtrack for the movie Fifty Shades of Grey.,76c52f1890e34e739afa40f2186fc026,4
earned it,fifty shades of grey (soundtrack),The song 'Earned It' belongs to the soundtrack album for Fifty Shades of Grey.,76c52f1890e34e739afa40f2186fc026,4
love me like you do,fifty shades of grey (soundtrack),The song 'Love Me like You Do' is also included in the soundtrack album for Fifty Shades of Grey.,76c52f1890e34e739afa40f2186fc026,4
sia,salted wound,The song 'Salted Wound' is performed by Australian singer Sia.,76c52f1890e34e739afa40f2186fc026,4
ellie goulding,love me like you do,English singer Ellie Goulding has sung the song 'Love Me like You Do'.,76c52f1890e34e739afa40f2186fc026,4
the weeknd,earned it,Canadian singer The Weeknd has lent his voice to the song 'Earned It'.,76c52f1890e34e739afa40f2186fc026,4
