node_1,node_2,edge,chunk_id,count
here is the details of movie's production,south western british columbia,Principal photography took place in South Western British Columbia primarily in Vancouver and other cities mentioned.,1fb94426ec22450687723768bfe0786b,4
here is the details of movie's production,87 minutes,The theatrical release is 87 minutes and received an R rating from the Motion Picture Association of America following requested cuts to tone it down from an NC-17.,1fb94426ec22450687723768bfe0786b,4
here is the details of movie's production,pg-rated cut of freddy got fingered,Some footage was leaked by the Newgrounds website before release. The PG-rated cut of Freddy Got Fingered is a mere three minutes long with a comedic voiceover.,1fb94426ec22450687723768bfe0786b,4
principal photography,south western british columbia,Principal photography took place in South Western British Columbia primarily in Vancouver and other cities mentioned.,1fb94426ec22450687723768bfe0786b,4
principal photography,belcarra (burrard inlet),"Principal photography took place in Belcarra (Burrard Inlet), a location mentioned in the given context.",1fb94426ec22450687723768bfe0786b,4
principal photography,port moody (reed point marina),"Principal photography took place in Port Moody (Reed Point Marina), a location mentioned in the given context.",1fb94426ec22450687723768bfe0786b,4
principal photography,burnaby (lougheed mall),"Principal photography took place in Burnaby (Lougheed Mall), a location mentioned in the given context.",1fb94426ec22450687723768bfe0786b,4
principal photography,squamish (squamish airport),"Principal photography took place in Squamish (Squamish Airport), a location mentioned in the given context.",1fb94426ec22450687723768bfe0786b,4
principal photography,"santa monica, california","Principal photography took place in Santa Monica, California, a location mentioned in the given context.",1fb94426ec22450687723768bfe0786b,4
