node_1,node_2,edge,chunk_id,count
ben affleck,larry gigli,"In the movie, Ben Affleck portrays the character Larry Gigli.",83941f38fc3b4e05bea0f76569f68758,4
jennifer lopez,ricki/rochelle,Jennifer Lopez plays the role of Ricki/Rochelle in the movie.,83941f38fc3b4e05bea0f76569f68758,4
justin bartha,brian,"In the film, Justin Bartha acts as Brian.",83941f38fc3b4e05bea0f76569f68758,4
lainie kazan,mrs. gigli,Lainie Kazan is seen as Mrs. Gigli in the movie.,83941f38fc3b4e05bea0f76569f68758,4
al pacino,starkman,"In the film, Al Pacino enacts the character Starkman.",83941f38fc3b4e05bea0f76569f68758,4
lenny venito,louis,"In the movie, Lenny Venito personifies Louis.",83941f38fc3b4e05bea0f76569f68758,4
missy crider,robin,Missy Crider plays the role of Robin in the film.,83941f38fc3b4e05bea0f76569f68758,4
christopher walken,stanley jacobellis,"In the movie, Christopher Walken depicts Stanley Jacobellis.",83941f38fc3b4e05bea0f76569f68758,4
terrence camilleri,man in dryer,"In the film, Terrence Camilleri portrays the character Man in Dryer.",83941f38fc3b4e05bea0f76569f68758,4
