node_1,node_2,edge,chunk_id,count
all that glitters,carey,Carey began work on the project under the working title All That Glitters in late 1997.,10266d1966054240a96bae4446220eb4,4
all that glitters,columbia records,The project was put on hold due to Columbia Records' requests to release a compilation album to benefit from the 1998 holiday season.,10266d1966054240a96bae4446220eb4,4
#1's,carey,"Despite this, Carey continued working on All That Glitters in 1999, but wished to fulfill her contract with Columbia Records, which had her signed for one more album.",10266d1966054240a96bae4446220eb4,4
rainbow,all that glitters,"In 1999, Carey released her last album with Columbia Records, Rainbow, which included some of the material created for All That Glitters.",10266d1966054240a96bae4446220eb4,4
virgin records,carey,"Following Carey's departure from Columbia Records in 2001, she signed a US$100 million record deal with Virgin Records (EMI Records), which gave her full conceptual and creative control over the project.",10266d1966054240a96bae4446220eb4,4
all that glitters,virgin records,"Virgin Records allowed Carey to continue working on All That Glitters, with the film's concept being about a club dancer who becomes a successful singer and its soundtrack following a modernized version of the 1980s sound.",10266d1966054240a96bae4446220eb4,4
carey,all that glitters character,"We start the movie, and we see little Billie and her mom singing, and we realize there's a dysfunction going on and her mom's",10266d1966054240a96bae4446220eb4,4
billie,mom,"In the beginning of the movie, we see Billie and her mom singing. It becomes evident that there is a dysfunctional relationship between them as her mother's instability is revealed. This sets off Billie's journey to understand why she feels abandoned by her mother.",7b4526b0515d4c0cb5ba784c87bbeefe,4
billie,foster home,Billie ends up in a foster home after being taken away from her mother due to her instability.,7b4526b0515d4c0cb5ba784c87bbeefe,4
billie,louise and roxanne,"In the movie, Louise and Roxanne are introduced as Billie's extended family after she is placed in foster care. They become her support system.",7b4526b0515d4c0cb5ba784c87bbeefe,4
billie,dice,"As the movie progresses, Billie connects with a character named Dice, who is similar to her mother in terms of being semi-dysfunctional. This connection helps Billie understand why she feels abandoned by her mother.",7b4526b0515d4c0cb5ba784c87bbeefe,4
caesar,billie,"In the movie, Eric Benét plays a character named Caesar who interacts with Billie. The specifics of their relationship are not specified in this context.",7b4526b0515d4c0cb5ba784c87bbeefe,4
