node_1,node_2,edge,chunk_id,count
best original music score,marco beltrami,The composer Marco Beltrami was nominated for Best Original Music Score at the AACTA Awards.,3b2812ff8ea34381b259068329b62121,4
best sound,"wayne pashley, peter grace, derryn pasquill, fabian sanjurjo, greg p. fitzgerald and peter purcell","The sound team consisting of Wayne Pashley, Peter Grace, Derryn Pasquill, Fabian Sanjurjo, Greg P. Fitzgerald and Peter Purcell was nominated for Best Sound at the AACTA Awards.",3b2812ff8ea34381b259068329b62121,4
best costume design,liz palmer,The costume designer Liz Palmer was nominated for Best Costume Design at the AACTA Awards.,3b2812ff8ea34381b259068329b62121,4
best visual effects or animation,"eric durst, jack geist, andrew hellen, james whitlam and julian dimsey","The visual effects team consisting of Eric Durst, Jack Geist, Andrew Hellen, James Whitlam and Julian Dimsey was nominated for Best Visual Effects or Animation at the AACTA Awards.",3b2812ff8ea34381b259068329b62121,4
best hair and makeup,"lesley vanderwalt, lara jade birch and adam johansen","The hair and makeup team consisting of Lesley Vanderwalt, Lara Jade Birch and Adam Johansen was nominated for Best Hair and Makeup at the AACTA Awards.",3b2812ff8ea34381b259068329b62121,4
worst picture,alex proyas and basil iwanyk,"The movie, possibly with negative connotations, 'Gods of Egypt' was nominated for Worst Picture at the Golden Raspberry Awards.",3b2812ff8ea34381b259068329b62121,4
worst director,alex proyas,The director Alex Proyas was nominated for Worst Director at the Golden Raspberry Awards.,3b2812ff8ea34381b259068329b62121,4
worst actor,gerard butler,The actor Gerard Butler was nominated for Worst Actor at the Golden Raspberry Awards.,3b2812ff8ea34381b259068329b62121,4
any two egyptian gods or mortals,nominated,"Two characters, possibly related to ancient Egypt, were nominated for Worst Screen Combo at the Golden Raspberry Awards.",3b2812ff8ea34381b259068329b62121,4
matt sazama and burk sharpless,worst screenplay,The screenwriters Matt Sazama and Burk Sharpless were nominated for Worst Screenplay at the Golden Raspberry Awards.,3b2812ff8ea34381b259068329b62121,4
basil iwanyk and alex proyas,worst film,The producers Basil Iwanyk and Alex Proyas were nominated for Worst Film at the Houston Film Critics Society.,3b2812ff8ea34381b259068329b62121,4
