node_1,node_2,edge,chunk_id,count
don't mess with texas,film,"The film was originally titled Don't Mess with Texas, indicating that it falls under the category of films.",80ab267478f244d19831d73606dafa89,4
"may 12, 2014",principal photography,"Principal photography for the film began on May 12, 2014 in New Orleans, Louisiana.",80ab267478f244d19831d73606dafa89,4
"new orleans, louisiana",principal photography location,"The principal photography for the film took place in New Orleans, Louisiana.",80ab267478f244d19831d73606dafa89,4
"may 12, 2014",two months,"Principal photography for the film was set to last for two months starting from May 12, 2014.",80ab267478f244d19831d73606dafa89,4
"february 12, 2015",first trailer release,"The film's first trailer was released on February 12, 2015.",80ab267478f244d19831d73606dafa89,4
