node_1,node_2,edge,chunk_id,count
blind guardian,main theme (skalds and shadows),"The German power metal band Blind Guardian recorded the movie's main theme, ""Skalds and Shadows"".",4060805368744f12abca388eece1d986,4
threshold,pilot in the sky of dreams,"The British progressive metal band Threshold contributed the song ""Pilot in the Sky of Dreams"" from their album Dead Reckoning to the movie's soundtrack.",4060805368744f12abca388eece1d986,4
hammerfall,the fire burns forever,"The Swedish power metal band, HammerFall, also contributed a track, ""The Fire Burns Forever"", to the movie's soundtrack.",4060805368744f12abca388eece1d986,4
wolfgang herold,executive soundtrack producer,Wolfgang Herold was the executive soundtrack producer for the movie's soundtrack.,4060805368744f12abca388eece1d986,4
