node_1,node_2,edge,chunk_id,count
zach cregger,raquel alessi,"Eugene Pratt, a young male who woke up from a 4 year coma to learn his girlfriend is a Playboy centerfold and Raquel Alessi, Eugene's girlfriend, now a playmate are related as they are characters in the movie.",76ed58dbb8cc435ea36236aff221f348,4
trevor moore,craig robinson,"Tucker Cleigh, Eugene's friend who is obsessed with Playboy and Phil aka 'Horsedick Dot MPEG', an old high school classmate turned successful rapper are related as they are characters in the movie.",76ed58dbb8cc435ea36236aff221f348,4
craig robinson,raquel alessi,"Phil aka 'Horsedick Dot MPEG', an old high school classmate turned successful rapper and Raquel Alessi, Eugene's girlfriend, now a playmate are related as they appear together in the movie.",76ed58dbb8cc435ea36236aff221f348,4
craig robinson,hugh hefner,"Phil aka 'Horsedick Dot MPEG', an old high school classmate turned successful rapper and Hugh Hefner, Himself are related as they both appear in the movie.",76ed58dbb8cc435ea36236aff221f348,4
raquel alessi,hugh hefner,"Raquel Alessi, Eugene's girlfriend, now a playmate and Hugh Hefner, Himself are related as they both appear in the movie.",76ed58dbb8cc435ea36236aff221f348,4
sara jean underwood,hugh hefner,"Sara Jean Underwood as Herself and Hugh Hefner, Himself are related as they both appear in the movie.",76ed58dbb8cc435ea36236aff221f348,4
eve mauro,carla jimenez,"Vonka, one of the Russian lesbians giving Eugene and Tucker a lift to the Playboy Mansion and Nurse Juanita, a nurse attending to Eugene are related as they both appear in the movie.",76ed58dbb8cc435ea36236aff221f348,4
jen taylor,tanjareen martin,"Customs Official and Mrs. Whitehall, one of Horsedick's girls are related as they both appear in the movie.",76ed58dbb8cc435ea36236aff221f348,4
anthony jeselnik,trevor moore,"Director and Tucker Cleigh, Eugene's friend who is obsessed with Playboy are related as they both appear in the movie.",76ed58dbb8cc435ea36236aff221f348,4
