node_1,node_2,edge,chunk_id,count
miss march,fox,Miss March was offered to Trevor Moore and Zach Cregger by Fox for writing purposes.,8cfffdbaca7547f8849b8248a903327b,4
trevor moore and zach cregger,miss march,Trevor Moore and Zach Cregger wrote and developed Miss March as a writing exercise.,8cfffdbaca7547f8849b8248a903327b,4
robert wagner,hugh hefner,"Robert Wagner was originally cast as Hugh Hefner in the movie, but audiences did not react positively during test screenings.",8cfffdbaca7547f8849b8248a903327b,4
trevor moore and zach cregger,hugh hefner,"Trevor Moore and Zach Cregger intentionally developed the project without involving Playboy, but took it to Playboy after Robert Wagner's casting did not perform well with audiences.",8cfffdbaca7547f8849b8248a903327b,4
hugh hefner,playboy,"Hefner liked the movie and agreed to take part, as well as getting 2007 Playmate of the Year Sara Jean Underwood to cameo in the film through his involvement with Playboy.",8cfffdbaca7547f8849b8248a903327b,4
