node_1,node_2,edge,chunk_id,count
moon,earth,"The Moon's orbit is veering closer to Earth, causing seismic and gravitational disturbances.",5cdcdc4c2863494faae013369c7db8e2,4
moon,alien technology swarm,"A mysterious swarm of alien technology attacks the Moon, killing all three lunar astronauts after they drop a probe into a miles-deep artificial shaft that has opened up on the Moon's surface.",5cdcdc4c2863494faae013369c7db8e2,4
nasa,conspiracy theorist k.c. houseman,"K.C. Houseman, a conspiracy theorist who believes that the Moon is an artificial megastructure, shares his findings with NASA about the anomalous behavior of the Moon's orbit.",5cdcdc4c2863494faae013369c7db8e2,4
brian harper,nasa,"Brian Harper, who witnessed a mysterious swarm of alien technology attacking the Space Shuttle, is fired from NASA due to his story being dismissed.",5cdcdc4c2863494faae013369c7db8e2,4
jocinda 'jo' fowler,nasa,"Jocinda 'Jo' Fowler returns as NASA's deputy director, launching a spacecraft on an SLS Block 1 rocket to investigate the abnormal behavior of the Moon's orbit.",5cdcdc4c2863494faae013369c7db8e2,4
brian harper,nasa coverup,Brian Harper is discredited by NASA due to a coverup dating back to Apollo 11 during the first Moon landing.,5cdcdc4c2863494faae013369c7db8e2,4
moon,dyson sphere,"The Moon is actually a Dyson sphere, powered by a white dwarf at its center.",d549ec01180a473081d0c9f338cd6cc2,4
swarm,moon's orbit,"The swarm discovered the Moon and began siphoning energy from its power source, destabilizing its orbit.",d549ec01180a473081d0c9f338cd6cc2,4
jo,retired space shuttle endeavour,Jo requisitions the retired Space Shuttle Endeavour from a museum to serve the new mission of correcting the Moon's orbit and destroying the swarm.,d549ec01180a473081d0c9f338cd6cc2,4
jo,ex-husband general doug davidson,Jo collaborates with her ex-husband General Doug Davidson to rescue the retired Space Shuttle Endeavour and launch a mission to correct the Moon's orbit.,d549ec01180a473081d0c9f338cd6cc2,4
brian,sonny,Brian is the father of Sonny.,d549ec01180a473081d0c9f338cd6cc2,4
jo,sons jimmy,Jo has a son named Jimmy.,d549ec01180a473081d0c9f338cd6cc2,4
michelle,care taker for sonny,Michelle is the caretaker of Sonny.,d549ec01180a473081d0c9f338cd6cc2,4
brenda,tom,Brenda and Tom are married and a part of the group trying to reach Doug's military bunker.,d549ec01180a473081d0c9f338cd6cc2,4
nasa coverup,pulsating lights on the surface during apollo 11,"During the first Moon landing, a two-minute radio blackout was meant to conceal evidence of pulsating lights on the surface.",d549ec01180a473081d0c9f338cd6cc2,4
apollo 12,the moon is hollow,Apollo 12 revealed that the Moon is hollow.,d549ec01180a473081d0c9f338cd6cc2,4
moon,moon's proximity,The text mentions that escaping disasters caused by the Moon's proximity is necessary for survival. This implies a causal relationship between the Moon and its proximity leading to disasters.,fb7c5c108b30409a9ea0ba8a093634a4,4
moon,local atmosphere,"As the Moon strips away the local atmosphere, it leads to suffocation for Tom's youngest daughter due to lack of oxygen. This implies a causal relationship between the Moon and the local atmosphere leading to suffocation.",fb7c5c108b30409a9ea0ba8a093634a4,4
tom,youngest daughter,"The text mentions that Tom's youngest daughter runs out of oxygen. Tom sacrifices his own supply before suffocating to death for her, implying a relationship between Tom and his daughter in this context.",fb7c5c108b30409a9ea0ba8a093634a4,4
president,moon,"The president orders a nuclear strike on the approaching Moon, indicating an action taken by the president due to the Moon's proximity.",fb7c5c108b30409a9ea0ba8a093634a4,4
doug,nuclear strike,"Doug refuses to comply with the nuclear strike ordered by the president, indicating a disagreement between Doug and the president's decision due to the Moon's proximity.",fb7c5c108b30409a9ea0ba8a093634a4,4
swarm,organic life,"The text mentions that the swarm only attacks organic life in the presence of electronic activity, indicating a relationship between the swarm and organic life in the context.",fb7c5c108b30409a9ea0ba8a093634a4,4
k.c.,swarm,"K.C. lures the swarm away from their spacecraft with their lunar module, sacrificing himself to detonate the EMP, indicating an action taken by K.C. Due to the presence of the swarm.",fb7c5c108b30409a9ea0ba8a093634a4,4
jo,earth,"The text mentions that Jo and Brian return to Earth, reuniting with their families, indicating a location and relationship between Jo and Brian and the Earth in this context.",fb7c5c108b30409a9ea0ba8a093634a4,4
moon,rocky exterior,"The text mentions that the Moon's power is restored, returning to its regular orbit, but now shed of its rocky exterior. This implies a relationship between the Moon and its rocky exterior leading to restoration of its power.",fb7c5c108b30409a9ea0ba8a093634a4,4
moon,operating system,"The text mentions that reconstructing K.C.'s consciousness, the Moon's operating system appears to K.C. As his cat, Fuzz Aldrin, and his mother, indicating a relationship between the Moon and its operating system.",fb7c5c108b30409a9ea0ba8a093634a4,4
