node_1,node_2,edge,chunk_id,count
morbius,espinosa's previous films,"Jon Ekstrand, who composed the score for Morbius, also composed scores for Espinosa's previous films.",cde45cb40924417993ca0df301b6fbc3,4
morbius,"april 8, 2022","The score for Morbius, composed by Jon Ekstrand, was released digitally by Madison Gate Records on April 8, 2022.",cde45cb40924417993ca0df301b6fbc3,4
morbius (soundtrack),madison gate records,"The score for Morbius, titled 'Morbius (soundtrack)', was released digitally by Madison Gate Records.",cde45cb40924417993ca0df301b6fbc3,4
october 2019,jon ekstrand,"By October 2019, Jon Ekstrand was set to compose the score for Morbius.",cde45cb40924417993ca0df301b6fbc3,4
