node_1,node_2,edge,chunk_id,count
barry sonnenfeld,director,"On 12 January 2015, it was announced Barry Sonnenfeld would direct the film.",356641ff2f7445a2805fe212c5c95775,4
kevin spacey,actor,"On 28 January 2015, Kevin Spacey joined the cast.",356641ff2f7445a2805fe212c5c95775,4
malina weissman,actor,"On 25 March 2015, Malina Weissman joined the cast.",356641ff2f7445a2805fe212c5c95775,4
christopher walken,actor,"On 31 March 2015, Christopher Walken joined the cast to play Felix Perkins, the owner of a mystical pet shop,",356641ff2f7445a2805fe212c5c95775,4
jennifer garner,actor,"On 9 April 2015, Jennifer Garner and Robbie Amell joined as well.",356641ff2f7445a2805fe212c5c95775,4
robbie amell,actor,"On 9 April 2015, Jennifer Garner and Robbie Amell joined as well.",356641ff2f7445a2805fe212c5c95775,4
montreal,location,Filming took place in Montreal.,356641ff2f7445a2805fe212c5c95775,4
