node_1,node_2,edge,chunk_id,count
when you wish upon a star,cynthia erivo,Cynthia Erivo performed the song 'When You Wish Upon a Star' as the Blue Fairy in the Pinocchio (2022 live-action film) soundtrack composed by Alan Silvestri.,0b778d3e7eaf4ab9ab12577fbdd52e97,4
alan silvestri,pinocchio (2022 live-action film),Alan Silvestri composed the score for the Pinocchio (2022 live-action film) directed by Guillermo del Toro.,0b778d3e7eaf4ab9ab12577fbdd52e97,4
"pinocchio, pinocchio",tom hanks,"Tom Hanks as Geppetto performed the song 'Pinocchio, Pinocchio' in the Pinocchio (2022 live-action film) soundtrack composed by Alan Silvestri.",0b778d3e7eaf4ab9ab12577fbdd52e97,4
i will always dance,kyanne lamaya,Kyanne Lamaya as Fabiana performed the song 'I Will Always Dance' in the Pinocchio (2022 live-action film) soundtrack composed by Alan Silvestri and Glen Ballard.,0b778d3e7eaf4ab9ab12577fbdd52e97,4
the coachman to pleasure island,luke evans,Luke Evans as the Coachman performed 'The Coachman to Pleasure Island' in the Pinocchio (2022 live-action film) soundtrack composed by Alan Silvestri.,0b778d3e7eaf4ab9ab12577fbdd52e97,4
little wooden head,-,The songs 'Little Wooden Head' from the original Pinocchio (1940) film did not make the cut in the Pinocchio (2022 live-action film) soundtrack.,0b778d3e7eaf4ab9ab12577fbdd52e97,4
give a little whistle,-,The song 'Give a Little Whistle' from the original Pinocchio (1940) film did not make the cut in the Pinocchio (2022 live-action film) soundtrack.,0b778d3e7eaf4ab9ab12577fbdd52e97,4
hi-diddle-dee-dee,-,"The song 'Hi-Diddle-Dee-Dee' from the original Pinocchio (1940) film had its reprise in the Pinocchio (2022 live-action film) soundtrack, but its title did not make the cut.",0b778d3e7eaf4ab9ab12577fbdd52e97,4
when you wish upon a star,reprise,"The song 'When You Wish Upon a Star' from the original Pinocchio (1940) film had its reprise in the Pinocchio (2022 live-action film) soundtrack, but its title did not make the cut.",0b778d3e7eaf4ab9ab12577fbdd52e97,4
