node_1,node_2,edge,chunk_id,count
ron underwood,fun,Ron Underwood was dissatisfied with the results of the film as he was shooting it because he knew that they didn't have the kind of wit and fun that he would want...But it wasn't very obvious how to correct it.,8eef3719298545b188bbf7f3e4fd8635,4
ron underwood,working fully,I felt that it was not really working fully...,8eef3719298545b188bbf7f3e4fd8635,4
ron underwood,eddie murphy,"But it wasn't very obvious how to correct it. [He] enjoyed working with Eddie Murphy,",8eef3719298545b188bbf7f3e4fd8635,4
eddie murphy,funny,"Murphy 'wasn't feeling that funny, I don't think.'",8eef3719298545b188bbf7f3e4fd8635,4
cast and crew,enjoyed working with eddie murphy,"Praised the talents of the cast and crew and said that he enjoyed working with Eddie Murphy,",8eef3719298545b188bbf7f3e4fd8635,4
