node_1,node_2,edge,chunk_id,count
rollerball scenes,social commentary,"Director John McTiernan didn't like the first draft of the script because it focused more on social commentary, while he thought that the audience would prefer to see more of the Rollerball scenes.",690d74df616d4ec48e5c81271ceb43e5,4
first cut,test audiences,"The movie's first cut, which was over two hours long, was test screened in Las Vegas around April or May 2001, and got a very negative response from test audiences.",690d74df616d4ec48e5c81271ceb43e5,4
release date,test the movie again,"MGM pushed the release date from May to July 13, 2001 to test the movie again, hoping that they would find the right audience for it.",690d74df616d4ec48e5c81271ceb43e5,4
jonathan e.,jonathan cross,The name of the main character in the film was changed from Jonathan E. To Jonathan Cross.,690d74df616d4ec48e5c81271ceb43e5,4
harry knowles,ain't it cool news,"founder and primary writer of the entertainment website Aint It Cool News, Harry Knowles was invited by McTiernan for a test screening of the film in Long Island sometime after the first test screening.",1b9c7a152bb24a519b60ac1df9da10a6,4
mctiernan,rollerball,director John McTiernan invited Harry Knowles for a test screening of the film Rollerball in Long Island after its first test screening.,1b9c7a152bb24a519b60ac1df9da10a6,4
knowles,rollerball,"Harry Knowles watched a test screening of John McTiernan's original cut of Rollerball and described it as one of the worst films he had ever seen. He noted that despite being a workprint, the poorly edited action scenes and bad story were already obvious.",1b9c7a152bb24a519b60ac1df9da10a6,4
knowles,rollerball edit,"Harry Knowles witnessed jeering in the theater during his screening of John McTiernan's Rollerball edit, which he described as one of the worst films he had ever seen.",1b9c7a152bb24a519b60ac1df9da10a6,4
rollerball edit,original cut,"John McTiernan's original cut of Rollerball was shown in a test screening, which Harry Knowles found to be an obviously bad film due to poorly edited action scenes and a bad story.",1b9c7a152bb24a519b60ac1df9da10a6,4
knowles,original script,"Harry Knowles had read the original first draft of the Rollerball script, which he described as an amazing script that solved all the problems of the original film.",1b9c7a152bb24a519b60ac1df9da10a6,4
mctiernan,original script,Director John McTiernan rejected the original first draft of the Rollerball script.,1b9c7a152bb24a519b60ac1df9da10a6,4
rollerball game,jonathan,"In original ending, Jonathan expresses his intention to continue playing the Rollerball game and becoming part owner of it after returning to the US with Aurora.",edeb369141f441c4896c4248301b0b2b,4
petrovich,sanjay,"In original ending, Petrovich is killed by Sanjay.",edeb369141f441c4896c4248301b0b2b,4
aurora,jonathan,"In original ending, Aurora flies back to the US with Jonathan.",edeb369141f441c4896c4248301b0b2b,4
sanjay,petrovich,"In original ending, Sanjay kills Petrovich.",edeb369141f441c4896c4248301b0b2b,4
original score,new score,replaced due to sounding 'too Arabic',7f135cbdc86742a6b9eb4d9d3cf75f51,4
blood spurts,sweat,digitally replaced in more graphic scenes for the PG-13 rating,7f135cbdc86742a6b9eb4d9d3cf75f51,4
aurora (topless),shadow over her,added in post production to cover up for the PG-13 rating,7f135cbdc86742a6b9eb4d9d3cf75f51,4
sex scene,longer version,cut for the PG-13 rating,7f135cbdc86742a6b9eb4d9d3cf75f51,4
conversation while lying down in a sauna,longer version,cut for the PG-13 rating,7f135cbdc86742a6b9eb4d9d3cf75f51,4
