node_1,node_2,edge,chunk_id,count
shazam! fury of the gods (soundtrack),watertower music,"The soundtrack album for Shazam! Fury of the Gods was released by WaterTower Music on March 10, 2023.",2d99af57bbfb479dad83396e5ba64eeb,4
shazam! fury of the gods (soundtrack),benjamin wallfisch,"Composer Benjamin Wallfisch was previously involved in creating the music for Shazam!, but due to scheduling conflicts with another DCEU film, he could not return for Shazam! Fury of the Gods.",2d99af57bbfb479dad83396e5ba64eeb,4
shazam! fury of the gods (soundtrack),christophe beck,"Composer Christophe Beck has already begun working on creating the music for Shazam! Fury of the Gods, following Benjamin Wallfisch's departure due to scheduling conflicts.",2d99af57bbfb479dad83396e5ba64eeb,4
shazam! fury of the gods (soundtrack),single,"A single entitled 'Shazam! Fury of the Gods (Main Title Theme)' was released digitally by WaterTower Music on February 23, 2023.",2d99af57bbfb479dad83396e5ba64eeb,4
