node_1,node_2,edge,chunk_id,count
slender man,top secret evening plans,boys in the context mentioned that summoning Slender Man is part of their top-secret plans.,2b7bc50b19db4769b59af3763138fb34,4
slender man,disturbing video,the girls discovered a link to a disturbing video on a website that demonstrated how to reach Slender Man in the context.,2b7bc50b19db4769b59af3763138fb34,4
katie jensen,paranormal presence in the trees,katie became haunted by a paranormal presence in the trees while visiting the historic clifton cemetery in the context.,2b7bc50b19db4769b59af3763138fb34,4
katie jensen,"online handle ""alleykat93""","katie had become involved in the occult and developed an unhealthy obsession with slender man sightings and videos, messaging allison riley (identifiable by her online handle ""alleykat93"") regarding methods of reaching slender man in the context.",2b7bc50b19db4769b59af3763138fb34,4
slender man,character,slender man is identified as a character in the context.,2b7bc50b19db4769b59af3763138fb34,4
slender man,chloe,"The Slender Man infects Chloe's mind similar to a virus, eventually driving her completely insane or kidnapping her.",f2e5ea23e53a4fa0b8cca531c8f152b6,4
wren,slender man,Wren researches Slender Man mythology at the local library and suffers from frightening visions when he enters the library and attacks her.,f2e5ea23e53a4fa0b8cca531c8f152b6,4
chloe,lizzie,"After meeting the Slender Man up close, Chloe's panic attack leads to Lizzie suffering a major one as well.",f2e5ea23e53a4fa0b8cca531c8f152b6,4
hallie,wren,Wren chastises Hallie for trying to move on from the Slender Man issue by spending the night with her boyfriend Tom.,f2e5ea23e53a4fa0b8cca531c8f152b6,4
chloe,blindfolds,Wren instructs Chloe and Hallie to don blindfolds while contacting the Slender Man for fear of death or madness.,f2e5ea23e53a4fa0b8cca531c8f152b6,4
hallie,blindfolds,"Chloe panics and flees, meeting the Slender Man up close while wearing blindfolds.",f2e5ea23e53a4fa0b8cca531c8f152b6,4
wren,hallie,Wren and Hallie are part of a trio trying to retrieve Katie from the Slender Man's clutches by 'unveiling themselves'.,f2e5ea23e53a4fa0b8cca531c8f152b6,4
chloe,picture,Chloe offers a picture of her and her father taken prior to his passing a few months afterwards to retrieve Katie from the Slender Man's clutches.,f2e5ea23e53a4fa0b8cca531c8f152b6,4
hallie,lizzie's blanket,"Hallie relinquishes her younger sister Lizzie’s blanket, woven by their grandmother upon her birth, to retrieve Katie from the Slender Man's clutches.",f2e5ea23e53a4fa0b8cca531c8f152b6,4
wren,handmade pottery,Wren brings a piece of handmade pottery that she created when she was five years old to retrieve Katie from the Slender Man's clutches.,f2e5ea23e53a4fa0b8cca531c8f152b6,4
slender man,lizzie,"Lizzie approached Wren with interest in Slender Man and asked that she accompany her to the woods, where she offered him her teddy bear. The sacrifices they gave him earlier were insufficient, as he will only rest once he has seized all of them physically.",7548d3a827ba484ebedb8cbf7f172ca4,4
slender man,wren,"Aided by Lizzie, Wren attempted to contact Slender Man. Scouring her computer, Hallie discovers this information in her bedroom concerning Slender Man and his victims.",7548d3a827ba484ebedb8cbf7f172ca4,4
slender man,allison riley,"One of Slender Man's victims was Allison Riley, a psychiatric patient who claimed that the malevolent entity absconded with nine of her peers.",7548d3a827ba484ebedb8cbf7f172ca4,4
slender man,hallie,"Encountering information about Slender Man and his victims in Wren's bedroom, Hallie confronts Wren. After Hallie dissuades her from committing suicide, Wren confesses that Lizzie approached her with interest in the Slender Man and asked that she accompany her to the woods, where she offered him teddy bear.",7548d3a827ba484ebedb8cbf7f172ca4,4
slender man,hallie,"Feeling guilty for causing the recent chain of events, Wren breaks down and confesses that Lizzie approached her with interest in the Slender Man and asked that she accompany her to the woods, where she offered him teddy bear. Hallie realizes that Lizzie's sole available option for rescuing is to sacrifice herself to him.",7548d3a827ba484ebedb8cbf7f172ca4,4
tree,lizzie,"After being grabbed by a person with enormous appendages while trying to escape, Lizzie fuses together with him and becomes a part of a tree.",29f134e9aeb84bf2927ae980ca1dd4ea,4
spider,person,The person with enormous appendages moves through the forest like a spider.,29f134e9aeb84bf2927ae980ca1dd4ea,4
