node_1,node_2,edge,chunk_id,count
that's my boy,"original title i hate you, dad","The film was originally titled I Hate You, Dad, and then changed to Donny's Boy before the producers finally settled on That's My Boy.",164b76df076144fc9c9a4a37ef4e5c45,4
that's my boy,donny's boy,"The film was originally titled I Hate You, Dad, and then changed to Donny's Boy before the producers finally settled on That's My Boy.",164b76df076144fc9c9a4a37ef4e5c45,4
may 2,filming began,"Filming began on May 2,",164b76df076144fc9c9a4a37ef4e5c45,4
july 15,filming ended,"filming ended on July 15,",164b76df076144fc9c9a4a37ef4e5c45,4
massachusetts,filming location,"Filming took place in Massachusetts,",164b76df076144fc9c9a4a37ef4e5c45,4
columbia pictures,studio filming location,"with studio filming at Columbia Pictures in Culver City, California.",164b76df076144fc9c9a4a37ef4e5c45,4
