node_1,node_2,edge,chunk_id,count
porn actress bree olson,ultimate american female,"Six decided to cast porn actress Bree Olson because he wanted a female character, even though the movie was set in an all-male prison, and wanted 'the ultimate American female,' which he believed to be a porn actress.",4c3b42fdf3bd4ace98cb3352c8621e01,4
dr. josef heiter,main antagonist,"Laser had starred in previous entries as the main antagonist, Dr. Josef Heiter,",4c3b42fdf3bd4ace98cb3352c8621e01,4
martin,main antagonist,"Harvey had starred in previous entries as the main antagonist, Martin,",4c3b42fdf3bd4ace98cb3352c8621e01,4
prison setting,brings back theme of 'punishment',"Six chose a prison setting to bring back the theme of 'punishment' that generated the idea for the series, although Six admits that 'I totally ignored [it] in the first two films.'",4c3b42fdf3bd4ace98cb3352c8621e01,4
hollywood film,filming style,"Six filmed the movie in the style of 'a Hollywood film', which according to him meant shooting 'everything widescreen with over-the-top color grading and big Hollywood music'.",4c3b42fdf3bd4ace98cb3352c8621e01,4
some crew members,did not want to put their full names in the credits,"Some of the crew members did not agree to put their full names in the credits,",4c3b42fdf3bd4ace98cb3352c8621e01,4
second part,crew members did not have such reservations about,Six notes that this helped bring out how 'ridiculous' the concept was.,4c3b42fdf3bd4ace98cb3352c8621e01,4
hand-signed prints of the film,distributed in march,"In order to promote the film, Six distributed 250 hand-signed prints of the film in March",4c3b42fdf3bd4ace98cb3352c8621e01,4
film,promotion,"In order to promote the film, Six distributed 250 hand-signed prints of the film in March 2015.",535b92acec9c4dcd85f9dda6124c5d43,4
