node_1,node_2,edge,chunk_id,count
third film,second film,"Both films were shot back-to-back in South Africa in 2019. The production of the third film was announced in July 2020, after the release of the second film.",d258326acd3d4602817cf006e029bf2d,4
third film,marcello,"Marcello again directs the third film, as he did for the previous two movies.",d258326acd3d4602817cf006e029bf2d,4
third film,king,"Charlbi Dean King reprises her role in the third film, as she did in the previous films.",d258326acd3d4602817cf006e029bf2d,4
third film,elordi,"Karan Soni Elordi appears in the third movie, having also acted in the earlier movies.",d258326acd3d4602817cf006e029bf2d,4
third film,courtney,"Clare-Hope Ashitey plays a part in the third movie, as she did in the previous films.",d258326acd3d4602817cf006e029bf2d,4
third film,perez,"Niki Walker appears in the third movie, which was filmed together with the second movie.",d258326acd3d4602817cf006e029bf2d,4
third film,richardson-sellers,"Gugu Mbatha-Raw and Leonardo Seeman act in both the third and second films, which were simultaneously shot.",d258326acd3d4602817cf006e029bf2d,4
third film,young,"Orlando Bloom appears in the third movie, which was filmed concurrently with the second movie, as he did previously.",d258326acd3d4602817cf006e029bf2d,4
