node_1,node_2,edge,chunk_id,count
movies,summary,Movies have a summary which provides a brief description of the plot or storyline.,fd3a5cf7a940487fb19cc2144c3dba69,4
the kissing booth 3,trilogy based on beth reekles' novel of the same name,The third and final installment in The Kissing Booth trilogy is based on Beth Reekles' novel of the same name.,75386785aa834c1da4ed1a79574c48dd,4
joey king,elle,Joey King stars as Elle in The Kissing Booth 3.,75386785aa834c1da4ed1a79574c48dd,4
joel courtney,noah,Joel Courtney stars as Noah in The Kissing Booth 3.,75386785aa834c1da4ed1a79574c48dd,4
jacob elordi,marco,"Jacob Elordi, who played Marco in The Kissing Booth and The Kissing Booth 2, appears in The Kissing Booth 3.",75386785aa834c1da4ed1a79574c48dd,4
taylor zakhar perez,rachel,Taylor Zakhar Perez plays Rachel in The Kissing Booth 3.,75386785aa834c1da4ed1a79574c48dd,4
maisie richardson-sellers,lee,Maisie Richardson-Sellers returns as Lee in The Kissing Booth 3.,75386785aa834c1da4ed1a79574c48dd,4
molly ringwald,rachel's mother,Molly Ringwald plays Rachel's mother in The Kissing Booth 3.,75386785aa834c1da4ed1a79574c48dd,4
vince marcello,director,Vince Marcello directs The Kissing Booth 3.,75386785aa834c1da4ed1a79574c48dd,4
jay arnold,writer,Jay Arnold co-writes The Kissing Booth 3 with Vince Marcello.,75386785aa834c1da4ed1a79574c48dd,4
beth reekles,author of novel,The Kissing Booth 3 is based on Beth Reekles' novel of the same name.,75386785aa834c1da4ed1a79574c48dd,4
netflix,streaming service,The Kissing Booth 3 is released on Netflix.,75386785aa834c1da4ed1a79574c48dd,4
"august 11, 2021",release date,"The Kissing Booth 3 is released on August 11, 2021.",75386785aa834c1da4ed1a79574c48dd,4
negative reviews from critics,critical reception,The Kissing Booth 3 receives negative reviews from critics.,75386785aa834c1da4ed1a79574c48dd,4
elle,marco,"While Marco gets a job in the area, during a day at the waterpark, Noah and Marco clash, prompting Noah to call Elle naive for not seeing that Marco still has feelings for her. Tensions escalate when she struggles to divide her time between the brothers.",35c799c45eb545f496485a80fe2c0c19,4
elle,noah,"Simultaneously, Elle struggles with accepting her father's new girlfriend, Linda (also a friend of her late mom), fearing that she'll replace her. Encouraged by Chloe (who is coping with her parents' divorce) to talk to Elle, Noah makes up with her.",35c799c45eb545f496485a80fe2c0c19,4
elle,chloe,"Simultaneously, Elle struggles with accepting her father's new girlfriend, Linda (also a friend of her late mom), fearing that she'll replace her. Encouraged by Chloe (who is coping with her parents' divorce) to talk to Elle, Noah makes up with her.",35c799c45eb545f496485a80fe2c0c19,4
elle,father,"That night, Elle fights with her father over Linda, accusing him of only dating her for his own pride; in response, he angrily recounts the sacrifices he has made for her and her brother Brad and that she is not the only person who deserves to be loved.",35c799c45eb545f496485a80fe2c0c19,4
marco,elle,"Marco shows up at the Fourth of July party where he again fights with Noah and punches him, but Noah refuses to retaliate. Marco admits to Elle he does still have feelings for her, but she rejects him.",35c799c45eb545f496485a80fe2c0c19,4
noah,elle,"Worried she's only going to Harvard for him and that she will regret it, Noah breaks up with her.",35c799c45eb545f496485a80fe2c0c19,4
lee,elle,"Heartbroken, Elle misses a bucket list with Lee to play Dance Dance Revolution. Arguing, Lee tells her that he's never mattered to her compared to Noah, while she tells him to grow up and that all of her decisions this summer have been about trying to make everybody happy.",35c799c45eb545f496485a80fe2c0c19,4
elle,lee,"close friends, visited Kissing Booth together at Charity Fair and Carnival six years later",9c8775f5ff40446db0809dd4708cc46e,4
elle,lee's mother,advised Elle to start thinking about what she wants to do and choose a college based on that,9c8775f5ff40446db0809dd4708cc46e,4
chloe,elle,talked about Noah with Rachel eavesdropping on their conversation while saying goodbye,9c8775f5ff40446db0809dd4708cc46e,4
rachel,lee,"broke up with Lee, hoping they will someday reunite after acknowledging the issues Elle and Noah's relationship had",9c8775f5ff40446db0809dd4708cc46e,4
marco,elle,apologized to her and they said their farewells amicably before she made up with Lee after realizing she spent so long maintaining her relationships with Noah and Lee that she hasn't worked out what makes her happy,9c8775f5ff40446db0809dd4708cc46e,4
elle,university of southern california,applied to study game design after understanding and accepting Linda,9c8775f5ff40446db0809dd4708cc46e,4
linda,elle,reconciled with her father after Elle realized she spent so long maintaining her relationships with Noah and Lee that she hasn't worked out what makes her happy,9c8775f5ff40446db0809dd4708cc46e,4
lee,elle,remain best friends six years later after Elle applied to University of Southern California to study game design,9c8775f5ff40446db0809dd4708cc46e,4
noah,elle,"presumably broke up after Elle saw him for the first time since their breakup at the Kissing Booth, where he revealed job offers at law firms in both LA and NYC",9c8775f5ff40446db0809dd4708cc46e,4
lee's mother,elle's father,inspired Elle to decide not to sell the beach house after Elle realized she spent so long maintaining her relationships with Noah and Lee that she hasn't worked out what makes her happy,9c8775f5ff40446db0809dd4708cc46e,4
lee,rachel,got back together and became engaged after college,9c8775f5ff40446db0809dd4708cc46e,4
the kissing booth,motorcycle ride,"In context, Elle and Noah go on a motorcycle ride while being back in town. This indicates that the movie 'The Kissing Booth' is related to the concept of a motorcycle ride.",8650f8ab067745d2b81b4d686989b09d,4
elle,noah,"In context, Elle and Noah part ways after looking back at each other. This signifies that Elle and Noah are related characters in 'The Kissing Booth'.",8650f8ab067745d2b81b4d686989b09d,4
elle,california coastline,"In context, Elle and Noah ride down the California coastline while having fun. This suggests that Elle is related to the concept of the California coastline as she is present in that location.",8650f8ab067745d2b81b4d686989b09d,4
elle,laughing,"In context, Elle and Noah laugh while riding motorcycles. This indicates that Elle is related to the concept of laughing as she is involved in this action.",8650f8ab067745d2b81b4d686989b09d,4
the kissing booth 3,july 2020,"In context, it was announced that 'The Kissing Booth 3' had been secretly shot back-to-back with the second film in South Africa in July 2020. This suggests that 'The Kissing Booth 3' is related to the time period of July 2020.",8650f8ab067745d2b81b4d686989b09d,4
the kissing booth 3,south africa,"In context, 'The Kissing Booth 3' was secretly shot back-to-back with the second film in South Africa. This implies that 'The Kissing Booth 3' is related to the location of South Africa.",8650f8ab067745d2b81b4d686989b09d,4
the kissing booth 3,netflix,"In context, 'The Kissing Booth 3' was released on Netflix. This suggests that 'The Kissing Booth 3' is related to the concept of Netflix as it was distributed through this platform.",8650f8ab067745d2b81b4d686989b09d,4
the kissing booth 3,"august 11, 2021","In context, 'The Kissing Booth 3' was released on August 11, 2021. This indicates that 'The Kissing Booth 3' is related to the specific date of its release.",8650f8ab067745d2b81b4d686989b09d,4
the kissing booth 3,rotten tomatoes,"In context, 'The Kissing Booth 3' has a rating on Rotten Tomatoes. This signifies that 'The Kissing Booth 3' is related to the concept of Rotten Tomatoes and its review aggregation services.",8650f8ab067745d2b81b4d686989b09d,4
the kissing booth 3,"august 11, 2021","In context, 'The Kissing Booth 3' received mixed reviews and was released on August 11, 2021. This implies that the release of 'The Kissing Booth 3' is related to its reception by the audience.",8650f8ab067745d2b81b4d686989b09d,4
teenage lives,immature territory,"the text mentions that the movie takes an 'honest look' at teenage lives, but it also pulls back into 'chaste, wholly immature territory.' This suggests a relationship between the concepts of teenage lives and immature territory, implying that teenage lives may encompass immature territory to some extent.",998b47dd198b469db989e21edd124556,4
teenage lives,youthful romantic tribulations,"the text mentions that there are 'a handful of surprises' in the movie that 'defy some of the more expected youthful romantic tribulations.' This implies a relationship between the concepts of teenage lives and youthful romantic tribulations, implying that teenage lives may involve youthful romantic tribulations to some extent.",998b47dd198b469db989e21edd124556,4
teenage lives,expected youthful romantic tribulations,"the text mentions that there are 'a handful of surprises' in the movie that 'defy some of the more expected youthful romantic tribulations.' This implies a relationship between the concepts of teenage lives and expected youthful romantic tribulations, implying that expected youthful romantic tribulations may be associated with teenage lives to some extent.",998b47dd198b469db989e21edd124556,4
teenage lives,post-high school priorities,"the text mentions a 'late-arriving sense of identity' in the movie that gives it 'just enough nutritional value to help its young audiences reconsider how to determine their own post-high school priorities.' This implies a relationship between the concepts of teenage lives and post-high school priorities, implying that post-high school priorities may be relevant to some teenage lives.",998b47dd198b469db989e21edd124556,4
teenage lives,fan service,"the text mentions 'plenty of fan service' in the movie. This implies a relationship between the concepts of teenage lives and fan service, implying that fan service may be associated with some teenage lives to some extent.",998b47dd198b469db989e21edd124556,4
teenage lives,same teenage romantic tribulations we've seen before,"the text mentions that there are 'a handful of surprises' in the movie that 'defy some of the more expected youthful romantic tribulations,' but it also says that there are still 'some of the more expected teenage romantic tribulations.' This implies a relationship between the concepts of teenage lives and same teenage romantic tribulations we've seen before, implying that some teenage lives may involve these same teenage romantic tribulations to some extent.",998b47dd198b469db989e21edd124556,4
teenage lives,immature territory,"the text mentions that the movie takes an 'honest look' at teenage lives, but it also pulls back into 'chaste, wholly immature territory.' This implies a relationship between the concepts of teenage lives and immature territory, implying that some teenage lives may involve immature territory to some extent.",998b47dd198b469db989e21edd124556,4
youthful romantic tribulations,expected youthful romantic tribulations,"the text mentions that there are 'a handful of surprises' in the movie that 'defy some of the more expected youthful romantic tribulations,' but it also says that there are still 'some of the more expected teenage romantic tribulations.' This implies a relationship between the concepts of youthful romantic tribulations and expected youthful romantic tribulations, implying that expected youthful romantic tribulations may be associated with some youthful romantic tribulations to some extent.",998b47dd198b469db989e21edd124556,4
youthful romantic tribulations,same teenage romantic tribulations we've seen before,"the text mentions that there are 'a handful of surprises' in the movie that 'defy some of the more expected youthful romantic tribulations,' but it also says that there are still 'some of the more expected teenage romantic tribulations.' This implies a relationship between the concepts of youthful romantic tribulations and same teenage romantic tribulations we've seen before, implying that some youthful romantic tribulations may involve these same teenage romantic tribulations to some extent.",998b47dd198b469db989e21edd124556,4
