node_1,node_2,edge,chunk_id,count
hilary duff,sharon tate,Hilary Duff portrays Sharon Tate in the movie.,0edea57b6b734ddbb08d12ff268faa7d,4
jonathan bennett,jay sebring,Jonathan Bennett plays the role of Jay Sebring in this movie.,0edea57b6b734ddbb08d12ff268faa7d,4
lydia hearst,abigail 'gibby' folger,Lydia Hearst represents Abigail 'Gibby' Folger in this movie.,0edea57b6b734ddbb08d12ff268faa7d,4
tyler johnson,tex watson,Tyler Johnson is seen as Tex Watson in the movie.,0edea57b6b734ddbb08d12ff268faa7d,4
pawel szajda,wojciech frykowski,Pawel Szajda portrays Wojciech Frykowski in this movie.,0edea57b6b734ddbb08d12ff268faa7d,4
ryan cargill,steven parent,Ryan Cargill plays the role of Steven Parent in the movie.,0edea57b6b734ddbb08d12ff268faa7d,4
fivel stewart,patricia 'yellow' krenwinkel,Fivel Stewart represents Patricia 'Yellow' Krenwinkel in this movie.,0edea57b6b734ddbb08d12ff268faa7d,4
bella popa,susan 'sadie' atkins,Bella Popa plays the role of Susan 'Sadie' Atkins in the movie.,0edea57b6b734ddbb08d12ff268faa7d,4
ben mellish,charles manson,Ben Mellish represents Charles Manson in this movie.,0edea57b6b734ddbb08d12ff268faa7d,4
