node_1,node_2,edge,chunk_id,count
the fog: original motion picture soundtrack,graeme revell,Film score by Graeme Revell,d4b74792af2842f493a007eb9a23f0cd,4
the fog: original motion picture soundtrack,varèse sarabande all,Label Varèse Sarabande All released The Fog: Original Motion Picture Soundtrack,d4b74792af2842f493a007eb9a23f0cd,4
prologue,graeme revell,Title 'Prologue' written by Graeme Revell in the album The Fog: Original Motion Picture Soundtrack,d4b74792af2842f493a007eb9a23f0cd,4
god's country,graeme revell,Title 'God's Country' written by Graeme Revell in the album The Fog: Original Motion Picture Soundtrack,d4b74792af2842f493a007eb9a23f0cd,4
anchor lockup,graeme revel,Title 'Anchor Lockup' written by Graeme Revel in the album The Fog: Original Motion Picture Soundtrack,d4b74792af2842f493a007eb9a23f0cd,4
it wants us,graeme revell,Title 'It Wants Us' written by Graeme Revel in the album The Fog: Original Motion Picture Soundtrack,d4b74792af2842f493a007eb9a23f0cd,4
the hallmark,graeme revell,Title 'The Hallmark' written by Graeme Revel in the album The Fog: Original Motion Picture Soundtrack,d4b74792af2842f493a007eb9a23f0cd,4
shower love,graeme revell,Title 'Shower Love' written by Graeme Revel in the album The Fog: Original Motion Picture Soundtrack,d4b74792af2842f493a007eb9a23f0cd,4
elizabeth...,graeme revell,Title 'Elizabeth...' written by Graeme Revel in the album The Fog: Original Motion Picture Soundtrack,d4b74792af2842f493a007eb9a23f0cd,4
boathouse,graeme revell,Title 'Boathouse' written by Graeme Revel in the album The Fog: Original Motion Picture Soundtrack,d4b74792af2842f493a007eb9a23f0cd,4
statues,graeme revell,Title 'Statues' written by Graeme Revel in the album The Fog: Original Motion Picture Soundtrack,d4b74792af2842f493a007eb9a23f0cd,4
lights out,graeme revell,Title 'Lights Out' written by Graeme Revel in the album The Fog: Original Motion Picture Soundtrack,d4b74792af2842f493a007eb9a23f0cd,4
island history,graeme revell,Title 'Island History' written by Graeme Revel in the album The Fog: Original Motion Picture Soundtrack,d4b74792af2842f493a007eb9a23f0cd,4
the search,graeme revell,Title 'The Search' written by Graeme Revel in the album The Fog: Original Motion Picture Soundtrack,d4b74792af2842f493a007eb9a23f0cd,4
burned image,graeme revell,Title 'Burned Image' written by Graeme Revel in the album The Fog: Original Motion Picture Soundtrack,d4b74792af2842f493a007eb9a23f0cd,4
it's here,graeme revell,Title 'It's Here' written by Graeme Revel in the album The Fog: Original Motion Picture Soundtrack,d4b74792af2842f493a007eb9a23f0cd,4
crime aboard,graeme revell,Title 'Crime Aboard' written by Graeme Revel in the album The Fog: Original Motion Picture Soundtrack,d4b74792af2842f493a007eb9a23f0cd,4
tragedy on the elizabeth dane,graeme revell,Title 'Tragedy on the Elizabeth Dane' written by Graeme Revel in the album The Fog: Original Motion Picture Soundtrack,d4b74792af2842f493a007eb9a23f0cd,4
the reckoning,graeme revell,Title 'The Reckoning' written by Graeme Revel in the album The Fog: Original Motion Picture Soundtrack,d4b74792af2842f493a007eb9a23f0cd,4
the fog recedes,graeme revell,Title 'The Fog Recedes' written by Graeme Revel in the album The Fog: Original Motion Picture Soundtrack,d4b74792af2842f493a007eb9a23f0cd,4
fallout (bonus track),graeme revell,Title 'Fallout (Bonus Track)' written by Graeme Revel in the album The Fog: Original Motion Picture Soundtrack,d4b74792af2842f493a007eb9a23f0cd,4
the fog,graeme revell,Title 'The Fog' written by Graeme Revel in the album The Fog: Original Motion Picture Soundtrack,d4b74792af2842f493a007eb9a23f0cd,4
farewell (bonus track),graeme revell,Title 'Farewell (Bonus Track)' written by Graeme Revel in the album The Fog: Original Motion Picture Soundtrack,d4b74792af2842f493a007eb9a23f0cd,4
salvation (bonus track),graeme revell,Title 'Salvation (Bonus Track)' written by Graeme Revel in the album The Fog: Original Motion Picture Soundtrack,d4b74792af2842f493a007eb9a23f0cd,4
sixth sense,fall out boy,Title 'Sixth Sense' written by Fall Out Boy in the album Save Rock and Roll,d4b74792af2842f493a007eb9a23f0cd,4
the (after)life,fall out boy,Title 'The (After)Life' written by Fall Out Boy in the album Save Rock and Roll,d4b74792af2842f493a007eb9a23f0cd,4
save rock and roll,fall out boy,Title 'Save Rock and Roll' written by Fall Out Boy in the album Save Rock and Roll,d4b74792af2842f493a007eb9a23f0cd,4
young volcanoes,fall out boy,Title 'Young Volcanoes' written by Fall Out Boy in the album Save Rock and Roll,d4b74792af2842f493a007eb9a23f0cd,4
where did the weekend go? ,fall out boy,Title 'Where Did The Weekend Go?' written by Fall Out Boy in the album Save Rock and Roll,d4b74792af2842f493a007eb9a23f0cd,4
jet pack blues (blue version),fall out boy,Title 'Jet Pack Blues (Blue Version)' written by Fall Out Boy in the album Save Rock and Roll,d4b74792af2842f493a007eb9a23f0cd,4
deathbed (coffy for your head),fall out boy,Title 'Deathbed (Coffy For Your Head)' written by Fall Out Boy in the album Save Rock and Roll,d4b74792af2842f493a007eb9a23f0cd,4
just one yesterday,fall out boy,Title 'Just One Yesterday' written by Fall Out Boy in the album Save Rock and Roll,d4b74792af2842f493a007eb9a23f0cd,4
