node_1,node_2,edge,chunk_id,count
édgar ramírez,graham bricke,Édgar Ramírez portrays the character Graham Bricke in this movie.,a8e9fcc7c69f4800b615c626a330ad25,4
anna brewster,shelby dupree,Anna Brewster plays the role of Shelby Dupree in this film.,a8e9fcc7c69f4800b615c626a330ad25,4
michael pitt,kevin cash,Michael Pitt acts as Kevin Cash in this movie.,a8e9fcc7c69f4800b615c626a330ad25,4
daniel fox,rory,Daniel Fox portrays the character Rory in this movie.,a8e9fcc7c69f4800b615c626a330ad25,4
tamer burjaq,ross king,Tamer Burjaq depicts the character Ross King in this film.,a8e9fcc7c69f4800b615c626a330ad25,4
sharlto copley,william sawyer,Sharlto Copley portrays the role of William Sawyer in this movie.,a8e9fcc7c69f4800b615c626a330ad25,4
brandon auret,lonnie french,Brandon Auret plays the character Lonnie French in this film.,a8e9fcc7c69f4800b615c626a330ad25,4
patrick bergin,rossi dumois,Patrick Bergin portrays the character Rossi Dumois in this movie.,a8e9fcc7c69f4800b615c626a330ad25,4
sean cameron michael,pete slatery,Sean Cameron Michael acts as Pete Slatery in this film.,a8e9fcc7c69f4800b615c626a330ad25,4
