node_1,node_2,edge,chunk_id,count
hilary duff,joined the cast of the movie,"In February 2018, Hilary Duff joined the cast of the movie 'Lizzie McGuire's Other Movie'",9e2f00251d964ed59ee09d0821273e76,4
jonathan bennett,joined the cast of the movie,"In February 2018, Jonathan Bennett joined the cast of the movie 'Lizzie McGuire's Other Movie'",9e2f00251d964ed59ee09d0821273e76,4
lydia hearst,joined the cast of the movie,"In February 2018, Lydia Hearst joined the cast of the movie 'Lizzie McGuire's Other Movie'",9e2f00251d964ed59ee09d0821273e76,4
daniel farrands,writing and directing the movie,"In February 2018, it was announced that Daniel Farrands would write and direct the movie 'Lizzie McGuire's Other Movie'",9e2f00251d964ed59ee09d0821273e76,4
lucas jarach,serving as producer on the film,"In February 2018, Lucas Jarach and Eric Brenner would serve as producers on the movie 'Lizzie McGuire's Other Movie'",9e2f00251d964ed59ee09d0821273e76,4
eric brenner,serving as producer on the film,"In February 2018, Lucas Jarach and Eric Brenner would serve as producers on the movie 'Lizzie McGuire's Other Movie'",9e2f00251d964ed59ee09d0821273e76,4
jim jacobsen,serving as executive producer for the film under their skyline entertainment banner,"In February 2018, Jorge Garcia Castro would serve as executive producers on the movie 'Lizzie McGuire's Other Movie'",9e2f00251d964ed59ee09d0821273e76,4
jorge garcia castro,serving as executive producer for the film under their skyline entertainment banner,"In February 2018, Jorge Garcia Castro would serve as executive producers on the movie 'Lizzie McGuire's Other Movie'",9e2f00251d964ed59ee09d0821273e76,4
movie,production details announcement in february 2018,"In February 2018, it was announced that Hilary Duff, Jonathan Bennett and Lydia Hearst had joined the cast, with Daniel Farrands writing and directing 'Lizzie McGuire's Other Movie'",9e2f00251d964ed59ee09d0821273e76,4
