node_1,node_2,edge,chunk_id,count
university of southern california,los angeles,"The movie's production was shot on location at the University of Southern California, which is located in Los Angeles.",5f564c17be5c499ba397dab33226f813,4
loyola marymount university,los angeles,"In addition to being filmed at the University of Southern California, the movie's production was also shot on location at Loyola Marymount University, which is also located in Los Angeles.",5f564c17be5c499ba397dab33226f813,4
new york city,los angeles,"Originally, Sonny Mallhi had planned to shoot the movie in New York City, but ultimately decided to film it on location at the University of Southern California and Loyola Marymount University in Los Angeles.",5f564c17be5c499ba397dab33226f813,4
minka kelly,leighton meester,"Initially, Leighton Meester was cast to play Sara in the movie, but she was later replaced by Minka Kelly.",5f564c17be5c499ba397dab33226f813,4
billy zane,frances fisher,"Although Billy Zane and Frances Fisher appeared together in Titanic fourteen years prior to this movie, their characters did not share any scenes in this particular film.",5f564c17be5c499ba397dab33226f813,4
