node_1,node_2,edge,chunk_id,node_3,node_4,count
movies,summary,"MOVIES have a SUMMARY associated with them, which is briefly provided to give an idea about the plot and storyline of the movie.",dafee442b50248d29c69f51fd91fb002,,,4
thunderbirds,international rescue,"Thunderbirds is a science fiction action-adventure film based on the television series created by Gerry and Sylvia Anderson. In this film, International Rescue (IR), led by widowed former astronaut Jeff Tracy, operates as a secret organisation that aids those in need.",e424ce2f66124a898089b95f78815de9,,,4
thunderbirds,jeff tracy,"In the film Thunderbirds, Jeff Tracy leads the International Rescue organisation that operates as a secret organisation to aid those in need.",e424ce2f66124a898089b95f78815de9,,,4
thunderbirds,hood,The Hood traps International Rescue (IR) leader Jeff Tracy and four of his sons on board the damaged Thunderbird 5 to steal the other Thunderbirds vehicles and commit heists that IR will be blamed for.,e424ce2f66124a898089b95f78815de9,,,4
thunderbirds,thunderbirds vehicles,The Hood steals the other Thunderbirds vehicles in the film Thunderbirds to commit heists that International Rescue (IR) will be blamed for.,e424ce2f66124a898089b95f78815de9,,,4
thunderbirds,alan tracy,"In the film Thunderbirds, Alan Tracy and his friends Tin-Tin and Fermat stop The Hood who has trapped International Rescue (IR) leader Jeff Tracy and four of his sons on board the damaged Thunderbird 5 to steal the other Thunderbirds vehicles and commit heists that IR will be blamed for.",e424ce2f66124a898089b95f78815de9,,,4
thunderbirds,tin-tin,"In the film Thunderbirds, Tin-Tin helps Alan Tracy stop The Hood who has trapped International Rescue (IR) leader Jeff Tracy and four of his sons on board the damaged Thunderbird 5 to steal the other Thunderbirds vehicles and commit heists that IR will be blamed for.",e424ce2f66124a898089b95f78815de9,,,4
thunderbirds,fermat,"In the film Thunderbirds, Fermat helps Alan Tracy stop The Hood who has trapped International Rescue (IR) leader Jeff Tracy and four of his sons on board the damaged Thunderbird 5 to steal the other Thunderbirds vehicles and commit heists that IR will be blamed for.",e424ce2f66124a898089b95f78815de9,,,4
thunderbirds,busted,The pop-rock band Busted's song 'Thunderbirds Are Go' is featured in the soundtrack of the film Thunderbirds.,e424ce2f66124a898089b95f78815de9,,,4
jeff tracy,widowed former astronaut,"In the film Thunderbirds, Jeff Tracy is a widowed former astronaut who leads International Rescue (IR), a secret organisation that operates to aid those in need.",e424ce2f66124a898089b95f78815de9,,,4
international rescue (ir),jeff tracy,"led by widowed former astronaut Jeff Tracy, operates International Rescue",0032fe1fe76b4c3eb5e7e2d65f49a495,,,4
tracy family,jeff tracy,widowed former astronaut Jeff Tracy is a part of the Tracy family,0032fe1fe76b4c3eb5e7e2d65f49a495,,,4
thunderbirds,international rescue (ir),technologically advanced machines called Thunderbirds are operated by International Rescue (IR),0032fe1fe76b4c3eb5e7e2d65f49a495,,,4
tracy island,international rescue (ir),operating out of Tracy Island in the South Pacific,0032fe1fe76b4c3eb5e7e2d65f49a495,,,4
alan tracy,jeff tracy,youngest son of Jeff Tracy,0032fe1fe76b4c3eb5e7e2d65f49a495,,,4
wharton academy,alan tracy,"Alan attends Wharton Academy, a boarding school in Massachusetts",0032fe1fe76b4c3eb5e7e2d65f49a495,,,4
fermat hackenbacker,brains,son of the Thunderbirds’ resident engineer Brains is Fermat Hackenbacker,0032fe1fe76b4c3eb5e7e2d65f49a495,,,4
lady penelope creighton-ward,international rescue (ir),IR agent Lady Penelope Creighton-Ward is associated with International Rescue,0032fe1fe76b4c3eb5e7e2d65f49a495,,,4
aloysius parker,lady penelope creighton-ward,valet of Lady Penelope Creighton-Ward is Aloysius Parker,0032fe1fe76b4c3eb5e7e2d65f49a495,,,4
tin-tin,tracy family butler kyrano,daughter of the Tracy family butler Kyrano is Tin-Tin,0032fe1fe76b4c3eb5e7e2d65f49a495,,,4
the hood,thunderbirds,psychic criminal mastermind The Hood targets Thunderbirds,0032fe1fe76b4c3eb5e7e2d65f49a495,,,4
thunderbird 1,international rescue (ir),used by International Rescue (IR),0032fe1fe76b4c3eb5e7e2d65f49a495,,,4
thunderbird 3,jeff tracy,"[{'src': 'Jeff Tracy', 'dst': 'Thunderbird 3'}, {'src': 'Scott Tracy', 'dst': 'Thunderbird 3'}, {'src': 'Virgil Tracy', 'dst': 'Thunderbird 3'}]",0032fe1fe76b4c3eb5e7e2d65f49a495,Scott Tracy,Virgil Tracy,4
john tracy,gordon tracy,"[{'src': 'John Tracy', 'dst': 'Thunderbird 5'}, {'src': 'Gordon Tracy', 'dst': 'Thunderbird 5'}, {'src': 'Virgil Tracy', 'dst': 'Thunderbird 5'}, {'src': 'International Rescue (IR)', 'dst': 'Thunderbird 5'}]",0032fe1fe76b4c3eb5e7e2d65f49a495,Virgil Tracy,International Rescue (IR),4
submarine,the hood,"off shore from a submarine, The Hood fires a missile into space at the orbiting Thunderbird 5",0032fe1fe76b4c3eb5e7e2d65f49a495,,,4
thunderbird 5,hood,"The Hood takes over the island's command center and shuts off power to Thunderbird 5, trapping International Rescue all inside.",ac4b06954b2145d6b00cbd7db6870c1e,,,4
thunderbird 5,hood's plan,"The Hood plans to use Thunderbird 2 to rob ten of the world's major banks, thus plunging the international monetary system into chaos, with International Rescue held responsible and disgraced.",ac4b06954b2145d6b00cbd7db6870c1e,,,4
fermat,thunderbird 2's guidance chip,"Fermat removes Thunderbird 2's guidance chip, delaying the Hood's plan.",ac4b06954b2145d6b00cbd7db6870c1e,,,4
alan,hood's minions,"Lady Penelope and Parker receive a distress signal from Tracy Island and fly there in FAB 1, where they engage the Hood's minions in combat.",ac4b06954b2145d6b00cbd7db6870c1e,,,4
hood,alan's captured friends,The Hood threatens to hurt Alan's captured friends.,ac4b06954b2145d6b00cbd7db6870c1e,,,4
alan,guidance chip,Alan complies and gives up the guidance chip in response to The Hood's threats.,ac4b06954b2145d6b00cbd7db6870c1e,,,4
hood,walk-in freezer,Alan and company are locked in the compound's walk-in freezer by The Hood.,ac4b06954b2145d6b00cbd7db6870c1e,,,4
thunderbird 2,hood,"The Hood reveals that during one of International Rescue's first operations, Jeff abandoned him in a collapsing illegal diamond mine, but rescued his half-brother, Kyrano.",ac4b06954b2145d6b00cbd7db6870c1e,,,4
thunderbird 2,hood's plan,The Hood plans to use Thunderbird 2 to rob ten of the world's major banks.,ac4b06954b2145d6b00cbd7db6870c1e,,,4
monorail line,thames,The Hood sinks a monorail line into the Thames and drills into the Bank of England’s vaults.,ac4b06954b2145d6b00cbd7db6870c1e,,,4
alan,submerged monorail car,Alan and Tin-Tin rescue the submerged monorail car using Thunderbird 4 before pursuing The Hood.,ac4b06954b2145d6b00cbd7db6870c1e,,,4
thunderbird 3,rest of the tracy family,The rest of the Tracy family return from space in Thunderbird 3 and,ac4b06954b2145d6b00cbd7db6870c1e,,,4
thunderbirds,thunderbird 4,rescue the submerged monorail car using Thunderbird 4 before pursuing the Hood.,42b1c608e79e49648ed8d0cd4f919500,,,4
thunderbirds,hood,"confront The Hood at the Bank, where he captures Jeff and Lady Penelope and challenges Alan to defeat him.",42b1c608e79e49648ed8d0cd4f919500,,,4
alan,the hood,"while Alan fights The Hood on a catwalk over the moving drill of The Mole, The Hood is defeated by Tin-Tin.",42b1c608e79e49648ed8d0cd4f919500,,,4
alan,the hood,"The Hood taunts Alan to let him die as his father did, but Alan rescues him, knowing that his father had actually tried unsuccessfully to save the Hood.",42b1c608e79e49648ed8d0cd4f919500,,,4
thunderbirds,tracy family,"The rest of the Tracy family return from space in Thunderbird 3 and confront The Hood at the Bank, where he captures Jeff and Lady Penelope and challenges Alan to defeat him.",42b1c608e79e49648ed8d0cd4f919500,,,4
alan,tracy family,"The rest of the Tracy family return from space in Thunderbird 3 and confront The Hood at the Bank, where he captures Jeff and Lady Penelope and challenges Alan to defeat him.",42b1c608e79e49648ed8d0cd4f919500,,,4
thunderbirds,international rescue,"while Alan fights The Hood on a catwalk over the moving drill of The Mole, The Hood is defeated by Tin-Tin, who as his niece is also able to use his powers.",42b1c608e79e49648ed8d0cd4f919500,,,4
alan,international rescue,"Alan, Fermat, and Tin-Tin are inducted as official members of the team.",42b1c608e79e49648ed8d0cd4f919500,,,4
thunderbirds,itc entertainment library,Thunderbirds was the third theatrical release based upon the series created by Gerry and Sylvia Anderson.,42b1c608e79e49648ed8d0cd4f919500,,,4
thunderbirds,supermarionation production techniques,"Production of the film started in the mid-1990s when PolyGram Filmed Entertainment purchased the rights to the entire ITC Entertainment library, which included the original Thunderbirds series. Seeing the big-screen potential of the",42b1c608e79e49648ed8d0cd4f919500,,,4
thunderbirds series,peter hewitt,"faithful director of the Thunderbirds series, Peter Hewitt was signed on to direct the movie adaptation.",5a8c518b92444392950892eda1aae5b2,,,4
thunderbirds series,karey kirkpatrick,"faithful writer of the Thunderbirds series, Karey Kirkpatrick was signed on to write the movie adaptation. Although he was not a lifelong fan of the series, Kirkpatrick watched all 32 episodes of the original series to immerse himself within the lore of the series.",5a8c518b92444392950892eda1aae5b2,,,4
thunderbirds series,the hood,"in the movie adaptation, The Hood tries to steal Tracy Island's power core to power a device controlled by arch villain Thaddeus Stone.",5a8c518b92444392950892eda1aae5b2,,,4
thunderbirds series,tracy island,"in the movie adaptation, The Hood tries to steal Tracy Island's power core from Tracy Island.",5a8c518b92444392950892eda1aae5b2,,,4
thunderbirds series,thaddeus stone,"in the movie adaptation, The Hood's plan involves transferring all of Earth's gravity to the moon with the help of arch villain Thaddeus Stone.",5a8c518b92444392950892eda1aae5b2,,,4
peter hewitt,jonathan frakes,Jonathan Frakes replaced Peter Hewitt as director due to his dislike for the new direction the film was taking.,5a8c518b92444392950892eda1aae5b2,,,4
telehandler,original pod vehicle,relation between the two concepts is that 'Telehandler' is an example of an original pod vehicle.,61b0dbefdeff4859a54457cfcd0d71a5,,,4
brady corbet,protagonist alan tracy,Brady Corbet played the role of protagonist Alan Tracy in the film.,61b0dbefdeff4859a54457cfcd0d71a5,,,4
bill paxton,alan's father jeff tracy,Bill Paxton portrayed Alan's father Jeff Tracy in the movie.,61b0dbefdeff4859a54457cfcd0d71a5,,,4
jeff tracy,billionaire ex-astronaut,"Jeff Tracy, played by Bill Paxton in the film, is a billionaire and a former astronaut.",61b0dbefdeff4859a54457cfcd0d71a5,,,4
alan,son of jeff tracy,Alan is one of the sons of Jeff Tracy as depicted in the movie.,61b0dbefdeff4859a54457cfcd0d71a5,,,4
bill paxton,jeff tracy's character,Bill Paxton portrayed Jeff Tracy's character in the film.,61b0dbefdeff4859a54457cfcd0d71a5,,,4
ben kingsley,the hood,Ben Kingsley played the role of The Hood in the movie.,61b0dbefdeff4859a54457cfcd0d71a5,,,4
sophia myles,lady penelope,Sophia Myles acted as Lady Penelope in the film.,61b0dbefdeff4859a54457cfcd0d71a5,,,4
frakes,lovely,The relation between Frakes and 'lovely' is that Frakes was described as 'lovely' by Sophia Myles while working on the set.,61b0dbefdeff4859a54457cfcd0d71a5,,,4
richard curtis,rewritten dialogue,Richard Curtis rewrote some of Sophia Myles and Ron Cook's dialogue in the movie because it wasn't thought to be funny enough.,61b0dbefdeff4859a54457cfcd0d71a5,,,4
hyde park,oxford street,The author and his five sons met at a hotel located near Hyde Park and walked to Oxford Street.,d604393c4b834203ae8d7549bdbddc21,,,4
author,five sons,The author pretended that these were his five sons while meeting them at a hotel near Hyde Park and walking to Oxford Street.,d604393c4b834203ae8d7549bdbddc21,,,4
jeff,author,Jeff is the speaker's name in this context.,d604393c4b834203ae8d7549bdbddc21,,,4
alan,jeff,"In Bill Paxton's preparation for his role in the film, he invited Alan (played by Harry Potter actor Rupert Grint), Jeff (played by Luke Skywalker actor Mark Hamill), and three other actors to a meal. Paxton called this experience empowering and said it helped him know Jeff better. This event further strengthens the relationship between these two characters.",6c846eec12c54d4ab3fcae57c8debc91,,,4
alan's school,wharton academy,"In the movie, Alan's school is shown as Wharton Academy. The filming for this scene took place at Wellington College in Berkshire.",6c846eec12c54d4ab3fcae57c8debc91,,,4
lady penelope's mansion,cliveden house,The exterior of Lady Penelope's mansion is shown as Cliveden House in the movie. This location was chosen for its grandeur and beauty.,6c846eec12c54d4ab3fcae57c8debc91,,,4
bank of london,university college london,"In the movie, the exterior of the Bank of London is shown as University College London. The filmmakers chose this location due to its distinctive architecture.",6c846eec12c54d4ab3fcae57c8debc91,,,4
thunderbirds fleet,redesigned thunderbirds fleet,The Thunderbirds fleet in the film has been redesigned compared to the original series.,3f192e248a5249f1bee88186b312f8b5,,,4
tracy island,redesigned tracy island,Tracy Island in the film has been redesigned compared to the original series.,3f192e248a5249f1bee88186b312f8b5,,,4
international rescue uniforms,redesigned international rescue uniforms,The International Rescue uniforms in the film have been redesigned compared to the original series.,3f192e248a5249f1bee88186b312f8b5,,,4
tracy island,named in dialogue,"In the film, Tracy Island is named in dialogue whereas it was not explicitly mentioned in the original series.",3f192e248a5249f1bee88186b312f8b5,,,4
hood,named in dialogue,"In the film, the Hood is named in dialogue whereas it was not explicitly mentioned in the original series.",3f192e248a5249f1bee88186b312f8b5,,,4
international rescue,now referred to as 'thunderbirds',"In the film, International Rescue is now referred to as 'Thunderbirds' by the general public whereas it was not explicitly mentioned in the original series.",3f192e248a5249f1bee88186b312f8b5,,,4
alan and tin-tin,much closer to the age of the rest of the tracy brothers (original series),"In the film, Alan and Tin-Tin are depicted as being much closer in age to the other Tracy brothers compared to the original series.",3f192e248a5249f1bee88186b312f8b5,,,4
fermat hackenbacker,new character conceived for the film,"In the film, Fermat Hackenbacker is a new character conceived specifically for this movie whereas he did not appear in the original series.",3f192e248a5249f1bee88186b312f8b5,,,4
onaha,new character conceived for the film,"In the film, Onaha is a new character conceived specifically for this movie and takes over Grandma Tracy's role from the original series.",3f192e248a5249f1bee88186b312f8b5,,,4
tin-tin,changed nationality (original series),"In the film, Tin-Tin's nationality is changed to Indian whereas she was originally from Malaysia in the original series.",3f192e248a5249f1bee88186b312f8b5,,,4
thunderbirds,march 2020,The events of the film are taking place in March 2020 according to working trailers. This contradicts StudioCanal's website and other promotional materials that suggest a setting in then.,d4a50c551228473ba1e7d68890a9fc95,,,4
thunderbirds,2026,"The setting of the original series is 2026, which impacts merchandise. This fact repeats enough times to affect the ages of the Tracy brothers in the film if their setting is taken as 2026.",d4a50c551228473ba1e7d68890a9fc95,,,4
thunderbirds,studiocanal's website,"According to StudioCanal's website, the events of the film take place then.",d4a50c551228473ba1e7d68890a9fc95,,,4
thunderbirds,march 2020,The ages of the Tracy brothers line up if the setting is taken as March 2020.,d4a50c551228473ba1e7d68890a9fc95,,,4
thunderbirds,original series,"If the setting of the original series is taken as 2026, then the ages of the Tracy brothers indeed line up with the events of the film.",d4a50c551228473ba1e7d68890a9fc95,,,4
thunderbirds,box office bomb,"The Thunderbirds movie was a box office bomb, grossing $28,283,637 worldwide against an estimated $57 million budget.",d4a50c551228473ba1e7d68890a9fc95,,,4
thunderbirds,stiff competition,Frakes attributed the film's commercial failure to a combination of stiff competition from Shrek 2 and Spider-Man 2.,d4a50c551228473ba1e7d68890a9fc95,,,4
thunderbirds,poor critical reception,"The Thunderbirds movie received negative reviews, with those familiar with the series tending to be more negative.",d4a50c551228473ba1e7d68890a9fc95,,,4
thunderbirds,rushed version of the countdown to the thunderbirds takeoff,lacks the TV series' romantic approach to technology,ae6794696c1041a580e9303f3cbf9dfb,,,4
film,tv series,entire trend of making films based on decades-old TV series is good-intentioned but misguided,ae6794696c1041a580e9303f3cbf9dfb,,,4
thunderbirds,second-rate spy kids imitator,widely described by critics,951a282f02854ea09bbd3b02201af579,,,4
gerry anderson,people who had no idea what thunderbirds was about and what made it tick,disappointed after being left out during development,951a282f02854ea09bbd3b02201af579,,,4
sylvia anderson,thunderbirds,responsible for character development,951a282f02854ea09bbd3b02201af579,,,4
sylvia anderson,private screening of the film,attended the London premiere,951a282f02854ea09bbd3b02201af579,,,4
thunderbirds,personal thrill,"She expressed a far different opinion to that of her former husband, stating 'I felt that I'd been on a wonderful Thunderbirds adventure.' This shows that the character associated with 'Thunderbirds' brought her personal joy and excitement.",5d2f14cc3919471695c342813c7bba0e,,,4
thunderbirds,sensitive adaptation,"She stated, 'I'm personally thrilled that the production team have paid us the great compliment of bringing to life our original concept for the big screen.' This indicates that the character associated with 'Thunderbirds' was happy with the new version of the concept created by the production team.",5d2f14cc3919471695c342813c7bba0e,,,4
thunderbirds,negative reputation,"The statement, 'Thunderbirds has had a negative reputation with many fans of the original franchise,' implies that there were negative views about 'Thunderbirds' among fans who enjoyed the earlier version.",5d2f14cc3919471695c342813c7bba0e,,,4
cast members,devoted fans,"Cast members frequently speak about the film having devoted fans, especially those who were children when the film was released.'",5d2f14cc3919471695c342813c7bba0e,,,4
thunderbirds,origional concept,"She stated, 'It was a personal thrill for me to see my characters come to life on the big screen.' This suggests that the character associated with 'Thunderbirds' had a strong connection with the original concept.",5d2f14cc3919471695c342813c7bba0e,,,4
thunderbirds,new version,"She stated, 'For me it was one of the best times of my life.' This implies that the character associated with 'Thunderbirds' was satisfied with the new version.",5d2f14cc3919471695c342813c7bba0e,,,4
thunderbirds,london premiere,"She attended the London premiere, suggesting a direct association between 'Thunderbirds' and this event.",5d2f14cc3919471695c342813c7bba0e,,,4
thunderbird 3,dominic colenso,"Colenso, who moved to a career as a communications expert, often describes himself as a 'Former Thunderbird'. The creation of a 60-foot model of Thunderbird 3 for marketing the film is attributed to communication experts at ZenithOptimedia. This highlights Colenso's association with the film and his later career in communications.",1793deb800134cdd8d42ac870cbc401e,,,4
thunderbird 3,trafalgar square,"The 60-foot model of Thunderbird 3, based on Dominic Lavery's design for the film, was displayed in Trafalgar Square close to the film's release. This shows the promotional efforts made for the film in the iconic location.",1793deb800134cdd8d42ac870cbc401e,,,4
thunderbird 3,blackpool,"The model of Thunderbird 3, based on Dominic Lavery's design for the film, was displayed in Blackpool. This indicates that the promotional efforts made for the film were not limited to London and extended to other locations.",1793deb800134cdd8d42ac870cbc401e,,,4
thunderbird 3,pablo picasso's guernica,"At one point, the model of Thunderbird 3 based on Dominic Lavery's design for the film was decorated with images from Pablo Picasso's Guernica in Blackpool. This highlights the creative elements used to promote the film.",1793deb800134cdd8d42ac870cbc401e,,,4
thunderbird 3,eastern airways,"In early 2008, the model of Thunderbird 3 based on Dominic Lavery's design for the film was purchased by Eastern Airways. This shows that the promotional efforts made for the film had a lasting impact.",1793deb800134cdd8d42ac870cbc401e,,,4
dominic colenso,former thunderbird,"Colenso, who moved to a career as a communications expert, often describes himself as a 'Former Thunderbird'. This indicates his association with the film and its branding.",1793deb800134cdd8d42ac870cbc401e,,,4
zenithoptimedia,thunderbird 3 model,Communication experts at ZenithOptimedia created a 60-foot model of Thunderbird 3 for marketing the film. This highlights their involvement in promoting the film.,1793deb800134cdd8d42ac870cbc401e,,,4
trafalgar square,thunderbird 3 model,The 60-foot model of Thunderbird 3 based on Dominic Lavery's design for the film was displayed in Trafalgar Square close to the film's release. This indicates the promotional efforts made in prominent locations.,1793deb800134cdd8d42ac870cbc401e,,,4
blackpool,thunderbird 3 model,The model of Thunderbird 3 based on Dominic Lavery's design for the film was displayed in Blackpool. This indicates that promotional efforts were not limited to London.,1793deb800134cdd8d42ac870cbc401e,,,4
pablo picasso's guernica,thunderbird 3 model,"At one point, the model of Thunderbird 3 based on Dominic Lavery's design for the film was decorated with images from Pablo Picasso's Guernica in Blackpool. This highlights the creative elements used to promote the film.",1793deb800134cdd8d42ac870cbc401e,,,4
eastern airways,thunderbird 3 model,"In early 2008, the model of Thunderbird 3 based on Dominic Lavery's design for the film was purchased by Eastern Airways. This indicates that the promotional efforts made for the film had a lasting impact.",1793deb800134cdd8d42ac870cbc401e,,,4
primary sources,context,The context provided includes primary sources such as quotes from Dominic Colenso and references to locations where the model of Thunderbird 3 was displayed. This indicates the significance of these sources in understanding the ontology of terms related to the film.,1793deb800134cdd8d42ac870cbc401e,,,4
secondary sources,context,The context provided also includes references to secondary sources such as 'dominic colenso' and 'eastern airways'. This indicates that these sources are related to the film and contribute to its ontology.,1793deb800134cdd8d42ac870cbc401e,,,4
